lane_id,right_ls,left_ls,other_ls,junction_boxes,non_hazardous_lanes,hazardous_lanes,lanes_to_split_consider,pedestrian_boxes,lanes_to_consider,junction_to_consider,lane_type
1.1,1.2,,"['2.1', '2.2', '150.1']","['URJ-TAB-PPD9', 'VJ-TB1', 'VJ-TB2', 'URJ-TAB-MBA', 'VJ-TB4', 'VJ-TB5', 'VJ-TB6']","{ 'URJ-TAB-PPD9': {'123': ['1.2', '2.1', '2.2', '9.1', '10.1', '10.2', '123.1', '17.1', '17.2', '9.2', '149.2', '134.1'], '134': ['1.2', '2.1', '2.2', '9.1', '10.1', '10.2', '123.1', '17.1', '17.2', '9.2', '149.2', '134.1']}, 'VJ-TB1': { '1': ['1.2', '2.1', '2.2', '11.1', '11.2', '11.3']}, 'VJ-TB2': { '1': ['1.2', '2.1', '2.2', '12.1', '12.2', '12.3']}, 'URJ-TAB-MBA': { '1': ['1.2', '2.1', '13.1', '13.2', '13.3', '82.1', '82.2']}, 'VJ-TB4': { '1': ['1.2', '2.1', '2.2', '14.1', '14.2', '14.3','84.1', '84.2', '84.3']}, 'VJ-TB5': { '1': ['1.2', '2.1', '2.2', '15.1', '15.2', '15.3']}, 'VJ-TB6': { '1': ['1.2', '2.1', '2.2', '16.1', '16.2', '16.3', '85.1', '85.2', '85.3']} }","{ 'URJ-TAB-PPD9': { '123': [], '134':[]}, 'VJ-TB1': { '1': []}, 'VJ-TB2': { '1': []}, 'URJ-TAB-MBA': { '1': []}, 'VJ-TB4': { '1': []}, 'VJ-TB5': { '1': []}, 'VJ-TB6': { '1': []} }","{ 'URJ-TAB-PPD9': {'123': [], '134':[]}, 'VJ-TB1': { '1': []}, 'VJ-TB2': { '1': []}, 'URJ-TAB-MBA': { '1': []}, 'VJ-TB4': { '1': []}, 'VJ-TB5': { '1': []}, 'VJ-TB6': { '1': []} }",[],[],[],0
1.2,,1.1,"['2.1', '2.2', '9.1', '150.1']","['URJ-TAB-PPD9', 'VJ-TB1', 'VJ-TB2', 'URJ-TAB-MBA', 'VJ-TB4', 'VJ-TB5', 'VJ-TB6']","{ 'URJ-TAB-PPD9': { '17': ['1.1', '123.1', '17.1', '17.2', '10.1', '10.2', '9.2'], '10': ['1.1', '123.1', '17.1', '17.2', '10.1', '10.2', '9.1', '9.2'] }, 'VJ-TB1': { '1': ['1.1', '2.1', '2.2', '11.1', '11.2', '11.3'], '11': ['1.1', '11.1', '11.2', '11.3']}, 'VJ-TB2': { '1': ['1.1', '2.1', '2.2', '12.1', '12.2', '12.3'], '12': ['1.1', '12.1', '12.2', '12.3']}, 'URJ-TAB-MBA': { '1': ['1.1', '2.1', '2.2', '13.1', '13.2', '13.3', '117.1', '117.2'], '13': ['1.1', '13.1', '13.2', '13.3']}, 'VJ-TB4': { '1': ['1.1', '84.1', '2.1', '2.2', '14.1', '14.2', '14.3', '84.2', '84.3'], '14': ['1.1', '14.1', '14.2', '14.3']}, 'VJ-TB5': { '1': ['1.1', '2.1', '2.2', '15.1', '15.2', '15.3'], '15': ['1.1', '15.1', '15.2', '15.3']}, 'VJ-TB6': { '1': ['1.1', '2.1', '2.2', '16.1', '16.2', '16.3', '85.1', '85.2', '85.3'], '16': ['1.1', '16.1', '16.2', '16.3']} }","{ 'URJ-TAB-PPD9': { '17': ['9.1', '149.2'], '10': ['149.2'] }, 'VJ-TB1': { '1': [], '11': []}, 'VJ-TB2': { '1': [], '12': []}, 'URJ-TAB-MBA': { '1': [], '13': []}, 'VJ-TB4': { '1': [], '14': []}, 'VJ-TB5': { '1': [], '15': []}, 'VJ-TB6': { '1': [], '16': []} }","{ 'URJ-TAB-PPD9': { '17': ['2.1', '2.2'], '10': ['2.1', '2.2'] }, 'VJ-TB1': { '1': [], '11': ['2.1', '2.2'] }, 'VJ-TB2': { '1': [], '12': ['2.1', '2.2'] }, 'URJ-TAB-MBA': { '1': [], '13': ['2.1', '2.2'] }, 'VJ-TB4': { '1': [], '14': ['2.1', '2.2'] }, 'VJ-TB5': { '1': [], '15': ['2.1', '2.2'] }, 'VJ-TB6': { '1': [], '16': ['2.1', '2.2'] } }",[],[],[],0
2.1,2.2,,"['1.1', '1.2', '123.1', '150.1']","['URJ-TAB-PPD9', 'VJ-TB1', 'VJ-TB2', 'URJ-TAB-MBA', 'VJ-TB4', 'VJ-TB5', 'VJ-TB6', 'TLJ-TAB-PPA8']","{ 'URJ-TAB-PPD9': { '2': ['1.1', '1.2', '2.2', '17.1', '17.2', '10.1', '10.2', '123.1', '9.2', '9.1'], '10': ['1.1', '1.2', '2.2', '17.1', '17.2', '9.1', '9.2', '10.1', '10.2', '123.1']}, 'VJ-TB1': { '2': ['1.1', '1.2', '2.2', '11.1', '11.2', '11.3'], '11': ['1.1', '1.2', '2.2', '11.1', '11.2', '11.3']}, 'VJ-TB2': { '2': ['1.1','1.2', '2.2', '12.1', '12.2', '12.3'], '12': ['1.1','1.2', '2.2', '12.1', '12.2', '12.3']}, 'URJ-TAB-MBA': { '2': ['1.1','1.2', '2.2', '13.1', '13.2', '13.3', '117.1', '117.2', '82.1', '82.2'], '13': ['1.1','1.2', '2.2', '13.1', '13.2', '13.3', '117.1', '82.1', '82.2']}, 'VJ-TB4': { '2': ['1.1','1.2', '2.2', '14.1', '14.2', '14.3', '84.1', '84.2', '84.3'], '14': ['1.1','1.2', '2.2', '14.1', '14.2', '14.3', '84.1', '84.2', '84.3']}, 'VJ-TB5': { '2': ['1.1','1.2', '2.2', '15.1', '15.2', '15.3'], '15': ['1.1','1.2', '2.2', '15.1', '15.2', '15.3']}, 'VJ-TB6': { '2': ['1.1','1.2', '2.2', '16.1', '16.2', '16.3', '85.1', '85.2', '85.3'], '16': ['1.1','1.2', '2.2', '16.1', '16.2', '16.3']}, 'TLJ-TAB-PPA8' : {'43': ['4.1', '4.2', '5.2', '5.1', '43.1', '43.2','44.1', '44.2', '33.2', '33.3', '34.1', '34.2', '1.2', '1.1', '2.2'], '3': ['3.1']} }","{ 'URJ-TAB-PPD9': { '2': [], '10': []}, 'VJ-TB1': { '2': [], '11': []}, 'VJ-TB2': { '2': [], '12': []}, 'URJ-TAB-MBA': { '2': [], '13': []}, 'VJ-TB4': { '2': [], '14': []}, 'VJ-TB5': { '2': [], '15': []}, 'VJ-TB6': { '2': [], '16': []}, 'TLJ-TAB-PPA8' : {'43': [], '3': []} }","{ 'URJ-TAB-PPD9': { '2': [], '10': []}, 'VJ-TB1': { '2': [], '11': []}, 'VJ-TB2': { '2': [], '12': []}, 'URJ-TAB-MBA': { '2': [], '13': []}, 'VJ-TB4': { '2': [], '14': []}, 'VJ-TB5': { '2': [], '15': []}, 'VJ-TB6': { '2': [], '16': []}, 'TLJ-TAB-PPA8' : {'43' : [], '3': []} }",[],[],[],0
2.2,,2.1,"['1.1', '1.2', '123.1', '150.1']","['URJ-TAB-PPD9', 'VJ-TB1', 'VJ-TB2', 'URJ-TAB-MBA', 'VJ-TB4', 'VJ-TB5', 'VJ-TB6', 'TLJ-TAB-PPA8']","{ 'URJ-TAB-PPD9': { '2': ['1.1', '1.2', '2.1', '17.1', '17.2', '10.1', '10.2', '123.1', '9.2', '9.1']}, 'VJ-TB1': { '2': ['1.1', '1.2', '2.1', '11.1', '11.2', '11.3']}, 'VJ-TB2': { '2': ['1.1', '1.2', '2.1', '12.1', '12.2', '12.3']}, 'URJ-TAB-MBA': { '2': ['1.1', '1.2', '2.1', '13.1', '13.2', '13.3', '117.1', '117.2', '82.1', '82.2'], '82': ['2.1', '13.1', '13.2', '13.3', '117.1', '117.2', '82.1', '82.2']}, 'VJ-TB4': { '2': ['1.1', '2.1', '14.1', '14.2', '14.3', '84.1', '84.2', '84.3' ]}, 'VJ-TB5': { '2': ['1.1','1.2', '2.1', '15.1', '15.2', '15.3']}, 'VJ-TB6': { '2': ['1.1','1.2', '2.1', '16.1', '16.2', '16.3', '85.1', '85.2', '85.3']}, 'TLJ-TAB-PPA8': {'43' : ['2.1', '4.1', '4.2', '5.1', '5.2', '43.1', '43.2', '44.1','44.2', '33.2', '33.3', '34.1', '34.2', '1.1', '1.2'], '33' : ['2.1', '4.1', '4.2', '43.1', '43.2', '33.1', '33.2', '1.1', '1.2', '5.1', '5.2', '34.1', '34.2']}}","{ 'URJ-TAB-PPD9': { '2': []}, 'VJ-TB1': { '2': []}, 'VJ-TB2': { '2': []}, 'URJ-TAB-MBA': { '2': [], '82': []}, 'VJ-TB4': { '2': []}, 'VJ-TB5': { '2': []}, 'VJ-TB6': { '2': []}, 'TLJ-TAB-PPA8': {'43' : [], '33' : ['44.1', '44.2']}}","{ 'URJ-TAB-PPD9': { '2': []}, 'VJ-TB1': { '2': []}, 'VJ-TB2': { '2': []}, 'URJ-TAB-MBA': { '2': [], '82': ['1.1', '1.2']}, 'VJ-TB4': { '2': []}, 'VJ-TB5': { '2': []}, 'VJ-TB6': { '2': []}, 'TLJ-TAB-PPA8': {'43': [], '33': []}}",[],[],[],0
3.1,,,"['4.1', '4.2']",['TLJ-TAB-PPA8'],{'TLJ-TAB-PPA8': {'133': []}},{'TLJ-TAB-PPA8': {'133': []}},{'TLJ-TAB-PPA8': {'133': []}},[],[],[],0
3.2,,,"['4.1', '4.2']",[],{},{},{},[],"['4.2', '44.1', '34.1', '34.2']",['TLJ-TAB-PPA8'],0
4.1,,4.2,"['5.1','5.2','133.1','133.2']",['TLJ-TBC-PPA8'],"{'TLJ-TBC-PPA8':{ '25':['7.1','7.2', '25.1', '25.2', '26.1','26.2','61.1','61.2','5.1','5.2', '4.2', '8.1', '8.2', '62.1', '62.2'], '61': ['4.2', '7.1', '7.2', '25.1', '25.2', '61.1', '61.2', '5.1', '5.2', '62.1', '62.2', '8.2', '8.1']}}","{'TLJ-TBC-PPA8':{'25': [], '61': ['26.1', '26.2']}}","{'TLJ-TBC-PPA8':{ '25':[], '61': []}}",[],[],[],0
4.2,4.1,,"['5.1','5.2','133.1','133.2']",['TLJ-TBC-PPA8'],"{'TLJ-TBC-PPA8': {'25': ['26.1','26.2','25.2', '25.1', '4.1', '7.1', '7.2', '5.1', '5.2', '62.2', '62.1', '8.2', '8.1']}}",{'TLJ-TBC-PPA8': {'25': []}},{ 'TLJ-TBC-PPA8':{'25':[] } },[],[],[],0
5.1,5.2,,"['4.1', '4.2']",['TLJ-TAB-PPA8'],"{'TLJ-TAB-PPA8':{'33':['5.2', '43.1', '43.2', '33.2', '33.3','34.1', '34.2', '4.1', '4.2', '1.1', '1.2', '44.1', '44.2', '2.1', '2.2']}}",{'TLJ-TAB-PPA8':{'33':[]}},{'TLJ-TAB-PPA8':{'33':[]}},[],[],[],0
5.2,,5.1,"['4.1', '4.2']",['TLJ-TAB-PPA8'],"{'TLJ-TAB-PPA8':{'33':['5.2', '43.1', '43.2', '33.2', '33.3','34.1', '34.2', '4.1', '4.2', '1.1', '1.2', '44.1', '44.2', '2.1', '2.2'], '1':['5.2', '44.1', '44.2', '43.1', '43.2', '33.2', '33.3', '4.1', '4.2', '1.1', '1.2', '2.1', '2.2']}}","{'TLJ-TAB-PPA8':{'33':[], '1':['34.1', '34.2']}}","{'TLJ-TAB-PPA8':{'33':[], '1':[]}}",[],[],[],0
6.1,,,"['7.1', '7.2']",[],{},{},{},[],"['7.1', '26.2', '62.1', '62.2']",['TLJ-TBC-PPA8'],0
7.1,7.2,,"['8.1', '8.2']","['URJ-TBC-PPD9', 'VJ-TC0','VJ-TC1', 'VJ-TC2', 'VJ-TC3', 'VJ-TC4', 'VJ-TC5', 'VJ-TC6']","{'URJ-TBC-PPD9':{'9':['9.1', '9.2', '31.1', '31.2', '8.1', '8.2','10.1', '10.2', '17.1', '17.2']}, 'VJ-TC6':{'7':['7.2', '8.2', '8.1', '23.1', '23.2', '23.3', '16.1', '16.2', '16.3']}, 'VJ-TC5': {'7':['7.2', '8.2', '8.1', '22.1', '22.2', '15.1', '15.2', '15.3']}, 'VJ-TC4':{'7':['7.2', '8.2', '8.1', '21.1', '21.2', '21.3', '14.1', '14.2', '14.3']}, 'VJ-TC3': {'7':['7.2', '8.2', '8.1', '20.1', '20.2', '20.3', '13.1', '13.2', '13.3']}, 'VJ-TC2': {'7': ['7.2', '8.2', '8.1', '19.1', '19.2', '19.3', '12.1', '12.2', '12.3']}, 'VJ-TC1':{'7':['7.2', '8.1', '8.2', '18.1', '18.2', '18.3', '11.1', '11.2', '11.3']},'VJ-TC0':{'7':['7.2', '8.1', '8.2', '18.1', '18.2', '18.3', '11.1', '11.2', '11.3']}}","{'URJ-TBC-PPD9':{'9':['30.1', '30.2']}, 'VJ-TC6':{'7':[]}, 'VJ-TC5': {'7':[]}, 'VJ-TC4':{'7':[]}, 'VJ-TC3': {'7':[]}, 'VJ-TC2': {'7': []}, 'VJ-TC1':{'7':[]}, 'VJ-TC0':{'7':[]}}","{'URJ-TBC-PPD9':{'9':[]}, 'VJ-TC6':{'7':[]}, 'VJ-TC5': {'7':[]}, 'VJ-TC4':{'7':[]}, 'VJ-TC3': {'7':[]}, 'VJ-TC2': {'7': []}, 'VJ-TC1':{'7':[]}, 'VJ-TC0':{'7':[]}}",[],[],[],0
7.2,,7.1,"['8.1', '8.2']","['URJ-TBC-PPD9', 'VJ-TC0','VJ-TC1', 'VJ-TC2', 'VJ-TC3', 'VJ-TC4', 'VJ-TC5', 'VJ-TC6']","{'URJ-TBC-PPD9':{'31':['9.1', '9.2', '31.1', '31.2', '8.1', '8.2']}, 'VJ-TC6':{'7':['7.1','8.1', '8.2', '16.3', '23.1', '23.2', '23.3', '16.1', '16.2'], '23':['7.1', '16.1', '16.2', '16.3', '23.1', '23.2', '23.3']}, 'VJ-TC5': {'7':['7.1', '15.1', '15.2', '15.3', '8.2', '8.1', '22.1', '22.2'], '22':['7.1', '15.1', '15.2', '15.3', '22.1', '22.2']}, 'VJ-TC4':{'7':['7.1', '14.1', '14.2', '14.3', '8.1', '8.2', '21.1', '21.2', '21.3'], '21':['7.1', '14.1', '14.2', '14.3', '21.1', '21.2', '21.3']}, 'VJ-TC3': {'7':['7.1', '13.1', '13.2', '13.3', '8.1', '8.2', '20.1', '20.2', '20.3'], '20':['7.1', '13.1', '13.2', '13.3', '20.1', '20.2', '20.3']}, 'VJ-TC2': {'7':['7.1', '12.1', '12.2', '12.3', '8.1', '8.2', '19.1', '19.2', '19.3'], '19':['7.1', '12.1', '12.2', '12.3', '19.1', '19.2', '19.3']}, 'VJ-TC1':{'7':['7.1', '11.1', '11.2', '11.3', '8.1', '8.2', '18.1', '18.2', '18.3'], '18':['7.1', '11.3', '18.1', '18.2', '18.3']}, 'VJ-TC0':{'7':['7.1', '8.1', '8.2', '17.1', '17.2', '32.1', '32.2'], '32':['7.1', '17.1', '17.2', '32.1', '32.2', '30.1', '30.2', '31.1']}}","{'URJ-TBC-PPD9':{'31':['10.1', '10.2', '30.1', '30.2']}, 'VJ-TC6':{'7':[], '23':[]}, 'VJ-TC5': {'7':[], '22':[]}, 'VJ-TC4':{'7':[], '21':[]}, 'VJ-TC3': {'7':[], '20':[]}, 'VJ-TC2': {'7':[], '19':[]}, 'VJ-TC1':{'7':[], '18':[]}, 'VJ-TC0':{'7':[], '32':['10.1','30.1']}}","{'URJ-TBC-PPD9':{'31':[]}, 'VJ-TC6':{'7':[], '23': ['8.1', '8.2']}, 'VJ-TC5': {'7':[], '22':['8.1', '8.2']}, 'VJ-TC4':{'7':[], '21': ['8.1', '8.2']}, 'VJ-TC3': {'7':[], '20': ['8.1', '8.2']}, 'VJ-TC2': {'7': [], '19': ['8.1', '8.2']}, 'VJ-TC1':{'7':[], '18': ['8.1', '8.2']}, 'VJ-TC0':{'7':[], '32': ['8.1', '8.2']}}",[],[],[],0
8.1,8.2,,"['7.1', '7.2']","['VJ-TC0', 'VJ-TC1', 'VJ-TC2', 'VJ-TC3', 'VJ-TC4', 'VJ-TC5', 'VJ-TC6', 'TLJ-TBC-PPA8']","{'VJ-TC0':{'8': ['8.2', '7.1','7.2', '17.1', '17.2'],'32':['17.1', '17.2']}, 'VJ-TC1':{'8': ['8.2', '7.1','7.2', '11.1', '11.2', '11.3','18.1', '18.2', '18.3' ], '18': ['11.1', '11.2', '11.3', '7.1','7.2', '8.2', '18.1', '18.2', '18.3']}, 'VJ-TC2': {'8': ['8.2', '7.1','7.2', '12.1', '12.2', '12.3', '19.1', '19.2', '19.3'], '19': ['8.2', '7.1','7.2', '12.1', '12.2', '12.3', '19.1', '19.2', '19.3' ]}, 'VJ-TC3': {'8': ['8.2', '7.1','7.2', '13.1', '13.2', '13.3', '20.1', '20.2', '20.3'], '20': ['8.2', '7.1','7.2', '13.1', '13.2', '13.3', '20.1', '20.2', '20.3' ]}, 'VJ-TC4':{'8': ['8.2', '7.1','7.2', '14.1', '14.2', '14.3', '21.1', '21.2', '21.3'], '21':['8.2', '7.1','7.2', '14.1', '14.2', '14.3', '21.1', '21.2', '21.3']}, 'VJ-TC5': {'8': ['8.2', '7.1','7.2', '15.1', '15.2', '15.3', '22.1', '22.2'], '22': ['8.2', '7.1','7.2', '15.1', '15.2', '15.3', '22.1', '22.2']}, 'VJ-TC6': {'8': ['8.2', '7.1','7.2', '16.1', '16.2', '16.3', '23.1', '23.2', '23.3'], '23':['8.2', '7.1','7.2', '16.1', '16.2', '16.3', '23.1', '23.2', '23.3']}, 'TLJ-TBC-PPA8':{'61':['5.1', '5.2', '25.1', '25.2', '7.1', '7.2', '6.1','64.1', '63.1', '24.1', '62.1','62.2', '26.1','26.2','4.1','4.2'], '24':['5.1', '5.2', '25.1', '25.2', '7.1', '7.2', '6.1','64.1', '63.1', '24.1', '62.1']}}","{'VJ-TC0':{'8': [],'32':[]},'VJ-TC1':{'8': [], '18': []},'VJ-TC2':{'8': [], '19': []}, 'VJ-TC3':{'8': [], '20': []}, 'VJ-TC4':{'8': [], '21': []}, 'VJ-TC5':{'8': [], '22': []}, 'VJ-TC6':{'8': [], '23': []}, 'TLJ-TBC-PPA8':{'61':[], '24':[]}}","{'VJ-TC0':{'8': [], '32': []}, 'VJ-TC1':{'8': [], '18': []}, 'VJ-TC2':{'8': [], '19': []}, 'VJ-TC3':{'8': [], '20': []}, 'VJ-TC4':{'8': [], '21': []}, 'VJ-TC5':{'8': [], '22': []}, 'VJ-TC6':{'8': [], '23': []}, 'TLJ-TBC-PPA8':{'61':[], '24':[]}}",[],[],[],0
8.2,,8.1,"['7.1', '7.2']","['VJ-TC0', 'VJ-TC1', 'VJ-TC2', 'VJ-TC3', 'VJ-TC4', 'VJ-TC5', 'VJ-TC6', 'TLJ-TBC-PPA8']","{'VJ-TC0':{'8': ['8.1', '32.1', '32.2', '17.1', '17.2']}, 'VJ-TC1':{'8': ['8.1', '18.1', '18.2', '18.3', '7.1', '7.2', '11.1', '11.2', '11.3']}, 'VJ-TC2':{'8': ['8.1', '19.1', '19.2', '19.3', '7.1', '7.2', '12.1', '12.2', '12.3']}, 'VJ-TC3':{'8': ['8.1', '20.1', '20.2', '20.3', '7.1', '7.2', '13.1', '13.2', '13.3']}, 'VJ-TC4':{'8': ['8.1', '21.1', '21.2', '21.3', '7.1', '7.2', '14.1', '14.2', '14.3']}, 'VJ-TC5':{'8': ['8.1', '22.1', '22.2', '7.1', '7.2', '15.1', '15.2', '15.3']}, 'VJ-TC6':{'8': ['8.1', '23.1', '23.2', '23.3', '7.1', '7.2', '16.1', '16.2', '16.3']}, 'TLJ-TBC-PPA8':{'61':['5.1', '5.2', '25.1', '25.2', '7.1', '7.2', '6.1','64.1', '63.1', '24.1', '62.1','62.2', '26.1', '26.2', '4.1', '4.2', '61.1', '61.2'], '5':['5.1', '5.2', '25.1', '25.2', '7.1', '7.2', '6.1','64.1', '63.1', '24.1', '26.1', '26.2', '4.1', '4.2']}}","{'VJ-TC0':{'8': []}, 'VJ-TC1':{'8': []}, 'VJ-TC2':{'8': []}, 'VJ-TC3':{'8': []}, 'VJ-TC4':{'8': []}, 'VJ-TC5':{'8': []}, 'VJ-TC6':{'8': []}, 'TLJ-TBC-PPA8':{'61':[], '5':['62.2','62.1']}}","{'VJ-TC0':{'8': []},'VJ-TC1':{'8': []}, 'VJ-TC2':{'8': []}, 'VJ-TC3':{'8': []}, 'VJ-TC4':{'8': []}, 'VJ-TC5':{'8': []}, 'VJ-TC6':{'8': []}, 'TLJ-TBC-PPA8':{'61':[], '5':[]}}",[],[],[],0
9.1,9.2,,"['10.1', '10.2', '154.1', '154.2', '150.1']",['URJ-TAB-PPD9'],"{'URJ-TAB-PPD9': {'2': ['9.2', '17.1', '17.2', '10.1', '10.2', '123.1', '1.1', '1.2']}}",{'URJ-TAB-PPD9': {'2': ['149.2']}},"{'URJ-TAB-PPD9': {'2': ['2.1', '2.2']}}",[],[],[],0
9.2,,9.1,"['10.1', '10.2', '154.1', '154.2', '150.1']",['URJ-TAB-PPD9'],"{'URJ-TAB-PPD9': {'123': ['9.1', '17.1', '17.2', '10.1', '10.2', '123.1', '134.1'], '134': ['9.1', '17.1', '17.2', '10.1', '10.2', '123.1', '134.1']}}","{'URJ-TAB-PPD9': {'123': ['1.1', '1.2', '149.2'], '134': ['1.1', '1.2', '149.2']}}","{'URJ-TAB-PPD9': {'123': ['2.1', '2.2'], '134': ['2.1', '2.2']}}",[],[],[],0
10.1,,10.2,"['9.1', '9.2', '154.1', '154.2']",['URJ-TBC-PPD9'],"{ 'URJ-TBC-PPD9': { '31': ['10.2', '9.1', '9.2', '31.1', '31.2', '30.1', '30.2', '8.2', '8.1', '7.1', '7.2'], '8': ['10.2', '9.1', '9.2', '31.1', '31.2', '8.1', '8.2', '7.1', '7.2'] } }","{'URJ-TBC-PPD9': {'31': [] , '8': ['30.1', '30.2']}}","{'URJ-TBC-PPD9': {'31': [], '8': []}}",[],[],[],0
10.2,10.1,,"['9.1', '9.2', '154.1', '154.2']",['URJ-TBC-PPD9'],"{'URJ-TBC-PPD9': {'31': ['10.1', '9.1', '9.2', '31.2', '31.1', '30.1', '30.2', '8.2', '8.1', '7.1', '7.2']}}",{'URJ-TBC-PPD9': {'31': []}},{'URJ-TBC-PPD9': {'31': []}},[],[],[],0
11.1,,11.2,['11.3'],['VJ-TC1'],"{'VJ-TC1':{'8':['11.2', '11.3', '18.1', '18.2', '18.3']}}",{'VJ-TC1':{'8':[]}},"{'VJ-TC1':{'8':['7.1', '7.2', '8.2', '8.1']}}",[],[],[],1
11.2,11.1,11.3,[],['VJ-TC1'],"{'VJ-TC1':{'18':['11.1', '11.3', '18.1','18.2', '18.3'], '7':['11.1','8.1','8.2', '18.1', '18.2', '18.3'], '8':['11.3', '18.1', '18.2', '18.3']}}","{'VJ-TC1':{'18':[], '7':['11.3'], '8':['11.1']}}","{'VJ-TC1':{'18':['7.1', '7.2', '8.2', '8.1'], '7':['7.1','7.2'], '8':['7.1', '7.2', '8.2', '8.1']}}",[],[],[],1
11.3,11.2,,['11.1'],['VJ-TC1'],"{'VJ-TC1':{'7':['11.1', '11.2', '8.1','8.2', '18.1', '18.2', '18.3']}}",{'VJ-TC1':{'7':[]}},"{'VJ-TC1':{'7':['7.1','7.2']}}",[],[],[],1
12.1,,12.2,['12.3'],['VJ-TC2'],"{'VJ-TC2':{'8':['12.2', '12.3', '19.1', '19.2', '19.3']}}",{'VJ-TC2':{'8':[]}},"{'VJ-TC2':{'8':['7.1', '7.2', '8.1', '8.2']}}",[],[],[],1
12.2,12.1,12.3,[],['VJ-TC2'],"{'VJ-TC2':{'19':['12.1', '12.3', '19.1','19.2', '19.3'], '7':['12.1','8.1','8.2', '19.1', '19.2', '19.3'], '8':['12.3', '19.1', '19.2', '19.3']}}","{'VJ-TC2':{'19':[], '7':['12.3'], '8':['12.1']}}","{'VJ-TC2':{'19':['7.1', '7.2', '8.2', '8.1'], '7':['7.1','7.2'], '8':['7.1', '7.2', '8.2', '8.1']}}",[],[],[],1
12.3,12.2,,['12.1'],['VJ-TC2'],"{'VJ-TC2':{'7':['12.1', '12.2', '8.2', '8.1', '19.1', '19.2', '19.3']}}",{'VJ-TC2':{'7':[]}},"{'VJ-TC2':{'7':['7.1','7.2']}}",[],[],[],1
13.1,,13.2,['13.3'],['VJ-TC3'],"{'VJ-TC3':{'8':[ '13.2', '13.3', '20.1', '20.2', '20.3']}}",{'VJ-TC3':{'8':[]}},"{'VJ-TC3':{'8':['7.1', '7.2', '8.2', '8.1']}}",[],[],[],1
13.2,13.1,13.3,[],['VJ-TC3'],"{'VJ-TC3':{'20':['13.1', '13.3', '20.1','20.2', '20.3'], '7':['13.1','8.1','8.2', '20.1', '20.2', '20.3'], '8':['13.3', '20.1', '20.2', '20.3']}}","{'VJ-TC3':{'20':[], '7':['13.3'], '8':['13.1']}}","{'VJ-TC3':{'20':['7.1', '7.2', '8.2', '8.1'], '7':['7.1','7.2'], '8':['7.1', '7.2', '8.2', '8.1']}}",[],[],[],1
13.3,13.2,,['13.1'],['VJ-TC3'],"{'VJ-TC3':{'7':['13.1', '13.2', '8.2', '8.1', '20.1', '20.2', '20.3']}}",{'VJ-TC3':{'7':[]}},"{'VJ-TC3':{'7':['7.1', '7.2']}}",[],[],[],1
14.1,,14.2,['14.3'],['VJ-TC4'],"{'VJ-TC4':{'8':['14.2', '14.3', '21.1', '21.2', '21.3']}}",{'VJ-TC4':{'8':[]}},"{'VJ-TC4':{'8':['7.1', '7.2', '8.2', '8.1']}}",[],[],[],1
14.2,14.1,14.3,[],['VJ-TC4'],"{'VJ-TC4':{'21':['14.1', '14.3', '21.1','21.2', '21.3'], '7':['14.1','8.1', '8.2', '21.1', '21.2', '21.3'], '8':['14.3', '21.1', '21.2', '21.3']}}","{'VJ-TC4':{'21':[], '7':['14.3'], '8':['14.1']}}","{'VJ-TC4':{'21':['7.1', '7.2', '8.2', '8.1'], '7':['7.1','7.2'], '8':['7.1', '7.2', '8.2', '8.1']}}",[],[],[],1
14.3,14.2,,['14.1'],['VJ-TC4'],"{'VJ-TC4':{'7':['14.1', '14.2', '8.2', '8.1', '21.1', '21.2', '21.3']}}",{'VJ-TC4':{'7':[]}},"{'VJ-TC4':{'7':['7.1', '7.2']}}",[],[],[],1
14.4,,14.2,[],[],{},{},{},[],[],[],1
15.1,,15.2,['15.3'],['VJ-TC5'],"{'VJ-TC5':{'8':['15.2', '15.3', '22.1', '22.2']}}",{'VJ-TC5':{'8':[]}},"{'VJ-TC5':{'8':['7.1', '7.2', '8.2','8.1']}}",[],[],[],1
15.2,15.1,15.3,[],['VJ-TC5'],"{'VJ-TC5':{'22':['15.1', '15.3', '22.1','22.2'], '7':['15.1','8.1', '8.2', '22.1', '22.2'], '8':[ '15.3', '22.1', '22.2']}}","{'VJ-TC5':{'22':[], '7':['15.3'], '8':['15.1']}}","{'VJ-TC5':{'22':['7.1', '7.2', '8.2', '8.1'], '7':['7.1','7.2'], '8':['7.1', '7.2', '8.2', '8.1']}}",[],[],[],1
15.3,15.2,,['15.1'],['VJ-TC5'],"{'VJ-TC5':{'7':['15.1', '15.2', '8.2', '8.1', '22.1','22.2']}}",{'VJ-TC5':{'7':[]}},"{'VJ-TC5':{'7':['7.1', '7.2']}}",[],[],[],1
15.4,,15.2,[],[],{},{},{},[],[],[],1
16.1,,16.2,['16.3'],['VJ-TC6'],"{'VJ-TC6':{'8':['16.2', '16.3','23.1','23.2','23.3']}}",{'VJ-TC6':{'8':[]}},"{'VJ-TC6':{'8':['7.1', '7.2', '8.2', '8.1']}}",[],[],[],1
16.2,16.1,16.3,[],['VJ-TC6'],"{'VJ-TC6':{'23':['16.1', '16.3', '23.1','23.2', '23.3'], '7':['16.1','8.1', '8.2', '23.1', '23.2', '23.3'], '8':['16.3', '23.1', '23.2', '23.3']}}","{'VJ-TC6':{'23':[], '7':['16.3'], '8':['16.1']}}","{'VJ-TC6':{'23':['7.1', '7.2','8.2', '8.1'], '7':['7.1','7.2'], '8':['7.1','7.2','8.2','8.1']}}",[],[],[],1
16.3,16.2,,['16.3'],['VJ-TC6'],"{'VJ-TC6':{'7':['16.1', '16.2', '8.2','8.1','23.1','23.2','23.3']}}",{'VJ-TC6':{'7':[]}},"{'VJ-TC6':{'7':['7.1', '7.2']}}",[],[],[],1
16.4,,16.2,[],[],{},{},{},[],[],[],1
17.1,,17.2,[],['VJ-TC0-PPD9'],"{'VJ-TC0-PPD9':{'32':['8.1','8.2','10.2','30.2','9.1','9.2','31.1','31.2', '32.1', '32.2'], '8':['8.1','8.2','10.2','30.2','9.1','9.2','31.1','31.2']}}","{'VJ-TC0-PPD9':{'32':['10.1','30.1'], '8':['10.1','30.1']}}","{'VJ-TC0-PPD9':{'32':['7.1','7.2','8.1','8.2'], '8':['7.1','7.2','8.1','8.2']}}",[],[],[],1
17.2,17.1,,[],['VJ-TC0-PPD9'],"{'VJ-TC0-PPD9':{'32':['8.1','8.2','10.2','30.2','9.1','9.2','31.1','31.2', '32.1', '32.2'], '8':['8.1','8.2','10.2','30.2','9.1','9.2','31.1','31.2']}}","{'VJ-TC0-PPD9':{'32':['10.1','30.1'], '8':['10.1','30.1']}}","{'VJ-TC0-PPD9':{'32':['7.1','7.2','8.1','8.2'], '8':['7.1','7.2','8.1','8.2']}}",[],[],[],1
18.1,,18.2,['18.3'],['VJ-TD1'],"{'VJ-TD1': {'29': ['18.2', '18.3'] }}",{'VJ-TD1': {'29': [] }},"{'VJ-TD1': {'29': ['28.1', '28.2', '29.1', '29.2'] }}",[],[],[],1
18.2,18.1,18.3,[],['VJ-TD1'],"{'VJ-TD1': {'29': ['18.3'], '28': ['29.1', '29.2', '18.1'] }}","{'VJ-TD1': {'29': ['18.1'], '28': ['18.3'] }}","{'VJ-TD1': {'29': ['28.1', '28.2', '29.1', '29.2'], '28':['28.1', '28.2']}}",[],[],[],1
18.3,18.2,,['18.1'],['VJ-TD1'],"{'VJ-TD1': {'28': ['29.1', '29.2', '18.1', '18.2'] }}",{'VJ-TD1': { '28': [] }},"{'VJ-TD1': { '28': ['28.1', '28.2'] }}",[],[],[],1
19.1,,19.2,['19.3'],['VJ-TD2'],"{'VJ-TD2': { '29': ['19.2', '19.3'] }}",{'VJ-TD2': {'29': []}},"{'VJ-TD2': {'29': ['28.1', '28.2', '29.1', '29.2']}}",[],[],[],1
19.2,19.1,19.3,[],['VJ-TD2'],"{'VJ-TD2': {'29': ['19.3'], '28': ['29.1', '29.2', '19.1'] }}","{'VJ-TD2': {'29': ['19.1'], '28': [ '19.3'] }}","{'VJ-TD2': {'29': ['28.1', '28.2', '29.1', '29.2'], '28': ['28.1', '28.2'] }}",[],[],[],1
19.3,19.2,,['19.1'],['VJ-TD2'],"{'VJ-TD2': {'28': ['29.1', '29.2', '19.1', '19.2'] }}",{'VJ-TD2': { '28': [] }},"{'VJ-TD2': { '28': ['28.1', '28.2'] }}",[],[],[],1
20.1,,20.2,['20.3'],['VJ-TD3'],"{'VJ-TD3': { '29': ['20.2', '20.3']}}",{'VJ-TD3': {'29': []}},"{'VJ-TD3': {'29': ['28.1', '28.2', '29.1', '29.2']}}",[],[],[],1
20.2,20.1,20.3,[],['VJ-TD3'],"{'VJ-TD3': {'29': ['20.3'], '28': ['29.1', '29.2', '20.1'] }}","{'VJ-TD3': {'29': ['20.1'], '28': [ '20.3'] }}","{'VJ-TD3': {'29': [], '28': ['28.1', '28.2'] }}",[],[],[],1
20.3,20.2,,['20.1'],['VJ-TD3'],"{'VJ-TD3': {'28': ['29.1', '29.2', '20.1', '20.2'] }}",{'VJ-TD3': { '28': []}},"{'VJ-TD3': { '28': ['28.1', '28.2'] }}",[],[],[],1
21.1,,21.2,['21.3'],['VJ-TD4'],"{'VJ-TD4': { '29': ['21.2', '21.3', '29.2'] }}",{'VJ-TD4': {'29': []}},"{'VJ-TD4': {'29': ['28.1', '28.2', '29.1', '29.2']}}",[],[],[],1
21.2,21.1,21.3,[],['VJ-TD4'],"{'VJ-TD4': {'29': ['21.3'], '28': ['29.1', '29.2', '21.1'] }}","{'VJ-TD4': {'29': ['21.3'], '28': [ '21.3'] }}","{'VJ-TD4': {'29': ['28.1', '28.2', '29.1', '29.2'], '28': ['28.1', '28.2'] }}",[],[],[],1
21.3,21.2,,['21.1'],['VJ-TD4'],"{'VJ-TD4': {'28': ['28.2', '29.1', '29.2', '21.1', '21.2']}}",{'VJ-TD4': { '28': []}},"{'VJ-TD4': { '28': ['28.1', '28.2'] }}",[],[],[],1
22.1,,22.2,[],['VJ-TD5'],"{'VJ-TD5': { '29': ['22.2'], '28':['29.1', '29.2'] }}","{'VJ-TD5': { '29': [], '28':[ '22.2']} }","{'VJ-TD5': { '29': ['28.1', '28.2', '29.1', '29.2'], '28':['28.1', '28.2'] } }",[],[],[],1
22.2,22.1,,[],['VJ-TD5'],"{'VJ-TD5': {'28':['28.2', '29.1', '29.2'] } }",{'VJ-TD5': {'28':[ '22.1'] } },"{'VJ-TD5': {'28':['28.1', '28.2'] } }",[],[],[],1
23.1,,23.2,['23.3'],['VJ-TD6'],"{'VJ-TD6': {'29':['23.2', '23.3', '29.2']}}",{'VJ-TD6': {'29':[]}},"{'VJ-TD6': {'29':['28.1', '28.2', '29.1', '29.2'] } }",[],[],[],1
23.2,23.1,23.2,[],['VJ-TD6'],"{'VJ-TD6': {'29':['23.3'], '28':['29.1', '29.2', '23.1']}}","{'VJ-TD6': {'29':[ '23.1'], '28':[ '23.3'] }}","{'VJ-TD6': {'29':['28.1', '28.2', '29.1', '29.2'], '28':['28.1', '28.2'] }}",[],[],[],1
23.3,23.2,,['23.1'],['VJ-TD6'],"{'VJ-TD6': {'28':['28.2', '23.1', '23.2', '29.1', '29.2'] }}",{'VJ-TD6': {'28':[] }},"{'VJ-TD6': {'28':['28.1', '28.2'] }}",[],[],[],1
24.1,,,"['25.1', '25.2']",[],{},{},{},[],"['25.2', '4.1', '4.2', '62.1' ]",['TLJ-TBC-PPA8'],0
25.1,25.2,,"['26.1','26.2']",['TLJ-TCD-PPA8'],"{'TLJ-TCD-PPA8':{ '71': ['25.2', '26.1', '26.2', '28.1', '28.2', '65.1', '65.2', '70.1','70.2', '71.1', '71.2', '29.1','29.2', '66.1', '66.2'], '65': ['26.1', '26.2', '28.1', '28.2', '71.1', '71.2', '25.2', '65.1', '65.2', '29.1', '29.2', '66.1', '66.2']}}","{'TLJ-TCD-PPA8':{ '71':[],'65':['70.1','70.2']}}","{'TLJ-TCD-PPA8':{ '71':[],'65':[]}}",[],[],[],0
25.2,,25.1,"['26.1','26.2']",['TLJ-TCD-PPA8'],"{'TLJ-TCD-PPA8':{ '71':['26.1', '26.2', '25.1', '28.1', '28.2', '71.1', '71.2', '70.1','70.2', '65.1', '65.2', '66.1', '66.2', '29.1', '29.2']}}",{'TLJ-TCD-PPA8':{ '71':[]}},{'TLJ-TCD-PPA8':{ '71':[]}},[],[],[],0
26.1,26.2,,"['25.1','25.2']",['TLJ-TBC-PPA8'],"{'TLJ-TBC-PPA8':{ '5':['7.1', '7.1', '61.1', '61.2', '5.2', '5.1', '25.1', '25.2', '26.2','4.1', '4.2', '8.1','8.2','62.1','62.2']}}",{'TLJ-TBC-PPA8':{ '5':[]}},{'TLJ-TBC-PPA8':{ '5':[]}},[],[],[],0
26.2,,26.1,"['25.1','25.2']",['TLJ-TBC-PPA8'],"{'TLJ-TBC-PPA8':{ '5':['61.1', '61.2', '5.1', '5.2','4.1', '4.2', '7.1', '7.2', '25.1', '25.2', '26.1', '8.1', '8.2', '62.1', '62.2'], '7':['25.1', '25.2', '26.1', '61.1', '61.2', '5.1', '5.2', '7.1', '7.2', '8.1', '8.2', '62.1', '62.2']}}","{'TLJ-TBC-PPA8':{ '5':[],'7':['4.1','4.2']}}","{'TLJ-TBC-PPA8':{ '5':[],'7':[]}}",[],[],[],0
27.1,,,"['28.1','28.2']",[],{},{},{},[],"['70.2', '28.1', '66.2', '66.1']",['TLJ-TCD-PPA8'],0
28.1,28.2,,"['29.1','29.2']","['VJ-TD0','VJ-TD1','VJ-TD2','VJ-TD3','VJ-TD4','VJ-TD5','VJ-TD6','URJ-TCD-PPD9']","{'VJ-TD6':{ '28':['28.2','29.1','29.2','23.1','23.2','23.3']}, 'VJ-TD5': { '28': ['28.2','29.1','29.2','22.1','22.2']}, 'VJ-TD4': { '28': ['28.2','29.1','29.2','21.1','21.2','21.3']}, 'VJ-TD3': { '28': ['28.2','29.1','29.2','20.1','20.2','20.3']}, 'VJ-TD2': { '28': ['28.2','29.1','29.2','19.1','19.2','19.3']}, 'VJ-TD1': { '28': ['28.2','29.1','29.2', '18.1','18.2','18.3']},'VJ-TD0': { '28': ['28.2','29.1','29.2', '32.1','32.2','72.1','72.2']}, 'URJ-TCD-PPD9': { '30': ['31.1','31.2','74.1','74.2','72.1','72.2','28.2', '30.1', '30.2']}}","{'VJ-TD6':{ '28':[]}, 'VJ-TD5': { '28': []}, 'VJ-TD4': { '28': []}, 'VJ-TD3': { '28': []}, 'VJ-TD2': { '28': []}, 'VJ-TD1': { '28': []}, 'VJ-TD0': { '28': []}, 'URJ-TCD-PPD9': { '30': ['73.1','73.2']}}","{'VJ-TD6':{ '28':[]}, 'VJ-TD5': { '28': []}, 'VJ-TD4': { '28': []}, 'VJ-TD3': { '28': []}, 'VJ-TD2': { '28': []}, 'VJ-TD1': { '28': []}, 'VJ-TD0': { '28': []}, 'URJ-TCD-PPD9': { '30': []}}",[],[],[],0
28.2,,28.1,"['29.1','29.2']","['VJ-TD0','VJ-TD1','VJ-TD2','VJ-TD3','VJ-TD4','VJ-TD5','VJ-TD6','URJ-TCD-PPD9']","{'VJ-TD6':{ '28':['28.1','29.1','29.2','23.3','23.1','23.2']}, 'VJ-TD5': { '28': ['28.1','29.1','29.2','22.2','22.1']}, 'VJ-TD4': { '28': ['28.1','29.1','29.2','21.3','21.1','21.2']}, 'VJ-TD3': { '28': ['28.1','29.1','29.2','20.3','20.1','20.2']}, 'VJ-TD2': { '28': ['28.1','29.1','29.2','19.3', '19.1','19.2']}, 'VJ-TD1': { '28': ['28.1','29.1','29.2','18.3','18.1','18.2']},'VJ-TD0': { '28': ['28.1','29.1','29.2', '32.1','32.2','72.1','72.2'], '72': ['28.1', '32.1','32.2','72.1','72.2']}, 'URJ-TCD-PPD9': {'74':['30.1','30.2','72.1','72.2','29.1','29.2','28.1', '74.1', '74.2']}}","{'VJ-TD6':{ '28':[]}, 'VJ-TD5': { '28': []}, 'VJ-TD4': { '28': []}, 'VJ-TD3': { '28': []}, 'VJ-TD2': { '28': []}, 'VJ-TD1': { '28': []}, 'VJ-TD0': { '28': [],'72': ['73.1','31.1']}, 'URJ-TCD-PPD9': { '74':['31.1','31.2','73.1','73.2']}}","{'VJ-TD6':{ '28':[]}, 'VJ-TD5': { '28': []}, 'VJ-TD4': { '28': []}, 'VJ-TD3': { '28': []}, 'VJ-TD2': { '28': []}, 'VJ-TD1': { '28': []}, 'VJ-TD0': { '28': [],'72': ['29.1','29.2']}, 'URJ-TCD-PPD9': { '74':[]}}",[],[],[],0
29.1,,29.2,"['28.1','28.2']","['VJ-TD0','VJ-TD1','VJ-TD2','VJ-TD3','VJ-TD4','VJ-TD5','VJ-TD6','TLJ-TCD-PPA8']","{'VJ-TD0': { '29': ['28.1','28.2','29.2', '32.1','32.2','72.1','72.2']},'VJ-TD1':{ '29':['18.3','28.1','28.2','29.2','18.1','18.2']}, 'VJ-TD2': { '29': ['19.3','28.1','28.2','29.2','19.1','19.2']}, 'VJ-TD3': { '29': ['20.3','28.1','28.2','29.2','20.1','20.2']}, 'VJ-TD4': { '29': ['21.3','28.1','28.2','29.2','21.1','21.2']}, 'VJ-TD5': { '29': ['22.2','28.1','28.2','29.2', '22.1']}, 'VJ-TD6': { '29': ['23.3','28.1','28.2','29.2', '23.1','23.2']}, 'TLJ-TCD-PPA8': { '26': ['71.1','71.2','65.1','65.2', '25.1','25.2','70.1','70.2', '26.1', '26.2']}}","{'VJ-TD0':{ '29':[]},'VJ-TD1':{ '29':[]}, 'VJ-TD2': { '29': []}, 'VJ-TD3': { '29': []}, 'VJ-TD4': { '29': []}, 'VJ-TD5': { '29': []}, 'VJ-TD6': { '29': []}, 'TLJ-TCD-PPA8': { '26': ['66.1','66.2']}}","{'VJ-TD0':{ '29':[]},'VJ-TD1':{ '29':[]}, 'VJ-TD2': { '29': []}, 'VJ-TD3': { '29': []}, 'VJ-TD4': { '29': []}, 'VJ-TD5': { '29': []}, 'VJ-TD6': { '29': []}, 'TLJ-TCD-PPA8': { '26': []}}",[],[],[],0
29.2,29.1,,"['28.1','28.2']","['VJ-TD0','VJ-TD1','VJ-TD2','VJ-TD3','VJ-TD4','VJ-TD5','VJ-TD6','TLJ-TCD-PPA8']","{'VJ-TD0': { '29': ['28.1','28.2','29.1', '32.1','32.2','72.1','72.2'],'72': ['28.1','28.2','29.1', '32.1','32.2','72.1','72.2']},'VJ-TD1':{ '29':['18.3','28.1','28.2','29.1','18.1','18.2']}, 'VJ-TD2': { '29': ['19.3','28.1','28.2','29.1','19.1','19.2']}, 'VJ-TD3': { '29': ['20.1','20.2','20.3','28.1','28.2','29.1']}, 'VJ-TD4': { '29': ['21.1','21.2','21.3','28.1','28.2','29.1']}, 'VJ-TD5': { '29': ['22.1','22.2','28.1','28.2','29.1']}, 'VJ-TD6': { '29': ['23.1','23.2','23.3','28.1','28.2','29.1']}, 'TLJ-TCD-PPA8': { '65': ['71.1','71.2','65.1','65.2','29.1','29.2', '26.1','26.2','66.1','66.2', '25.1','25.2','70.1','70.2']}}","{'VJ-TD0':{ '29':[],'72':[]},'VJ-TD1':{ '29':[]}, 'VJ-TD2': { '29': []}, 'VJ-TD3': { '29': []}, 'VJ-TD4': { '29': []}, 'VJ-TD5': { '29': []}, 'VJ-TD6': { '29': []}, 'TLJ-TCD-PPA8': { '65': []}}","{'VJ-TD0':{ '29':[],'72':[]},'VJ-TD1':{ '29':[]}, 'VJ-TD2': { '29': []}, 'VJ-TD3': { '29': []}, 'VJ-TD4': { '29': []}, 'VJ-TD5': { '29': []}, 'VJ-TD6': { '29': []}, 'TLJ-TCD-PPA8': { '65': []}}",[],[],[],0
30.1,30.2,,"['31.1', '31.2', '155.1', '155.2']",['URJ-TBC-PPD9'],"{'URJ-TBC-PPD9': {'9': ['10.1','10.2', '9.1', '9.2', '31.2', '31.1', '30.2', '8.2', '8.1', '7.1', '7.2'], '8': ['10.1','10.2', '8.1', '8.2', '9.1', '9.2', '31.1', '31.2', '30.2', '7.1', '7.2']}}","{'URJ-TBC-PPD9': {'9': [], '8': []}}","{'URJ-TBC-PPD9': {'9': [], '8': []}}",[],[],[],0
30.2,,30.1,"['31.1', '31.2', '155.1', '155.2']",['URJ-TBC-PPD9'],"{'URJ-TBC-PPD9': {'9': ['10.1','10.2', '9.1', '9.2', '31.2', '31.1', '30.1', '8.2', '8.1', '7.1', '7.2']}}",{'URJ-TBC-PPD9': {'9': []}},{'URJ-TBC-PPD9': {'9': []}},[],[],[],0
31.1,,31.2,"['30.1', '30.2', '155.1', '155.2']",['URJ-TCD-PPD9'],"{'URJ-TCD-PPD9': {'74': ['31.2', '30.1', '30.2', '74.1', '74.2', '73.1', '73.2', '28.1', '28.2', '29.1', '29.2'], '29': ['31.2', '30.1', '30.2', '74.1', '74.2', '28.1', '28.2', '29.1', '29.2']}}","{'URJ-TCD-PPD9': {'74': [], '29': ['73.1', '73.2']}}","{'URJ-TCD-PPD9': {'74': [], '29': []}}",[],[],[],0
31.2,31.1,,"['30.1', '30.2', '155.1', '155.2']",['URJ-TCD-PPD9'],"{'URJ-TCD-PPD9': {'74': ['31.1', '30.1', '30.2', '74.1', '74.2', '73.1', '73.2', '28.1', '28.2', '29.1', '29.2']}}",{'URJ-TCD-PPD9': {'74': []}},{'URJ-TCD-PPD9': {'74': []}},[],[],[],0
32.1,32.2,,[],['VJ-TD0'],"{'VJ-TD0':{'72':['32.2', '72.1', '72.2'], '29':['72.1', '72.2']}}","{'VJ-TD0':{'72':[], '29':[]}}","{'VJ-TD0':{'72':['28.1', '28.2', '29.1', '29.2'], '29':['28.1', '28.2', '29.1', '29.2']}}",[],[],[],1
32.2,,32.1,[],['VJ-TD0'],"{'VJ-TD0':{'72':['32.2', '72.1', '72.2'], '29':['72.1', '72.2']}}","{'VJ-TD0':{'72':[], '29':[]}}","{'VJ-TD0':{'72':['28.1', '28.2', '29.1', '29.2'], '29':['28.1', '28.2', '29.1', '29.2']}}",[],[],[],1
33.1,33.2,,"['33.3','34.1','34.2','34.3']","['VJ-TP1', 'VJ-TP2', 'VJ-TP3', 'VJ-TP4', 'VJ-TP5', 'TLJ-PPA7-PPA8']","{'VJ-TP1':{'33':['33.2', '33.3', '36.1', '36.2', '36.3', '34.1','34.2', '34.3'], '36':['33.2', '33.3', '36.1', '36.2', '36.3','34.1', '34.2', '34.3']}, 'VJ-TP2':{'33':['33.2', '33.3', '37.1', '37.2', '37.3','34.1', '34.2', '34.3'], '37':['33.2', '33.3', '37.1', '37.2', '37.3','34.1', '34.2', '34.3']}, 'VJ-TP3':{'33':['33.2', '33.3', '38.1', '38.2', '38.3','34.1', '34.2', '34.3'], '38':['33.2', '33.3', '38.1', '38.2', '38.3', '34.1','34.2', '34.3']}, 'VJ-TP4':{'33':['33.2', '33.3', '39.1', '39.2', '39.3', '34.1','34.2', '34.3'], '39':['33.2', '33.3', '39.1', '39.2', '39.3','34.1', '34.2', '34.3']}, 'VJ-TP5': { '42': ['41.1','33.2', '33.3', '120.1', '120.2', '40.1', '40.2', '80.1', '80.2', '80.3', '89.1', '89.2', '88.1', '88.2', '34.1', '34.2', '34.3', '81.1', '81.2', '81.3'],'33': ['33.2','33.3','34.1','34.2','34.3','42.1','42.2','41.1']}, 'TLJ-PPA7-PPA8':{ '80': ['40.1', '40.2','41.1', '81.1', '33.2', '33.3', '120.1', '120.2', '89.1', '89.2','88.1', '88.2', '34.1', '34.2', '34.3', '80.1', '80.2', '80.3']}}","{'VJ-TP1':{'33':[], '36':[]}, 'VJ-TP2':{'33':[], '37':[]}, 'VJ-TP3':{'33':[], '38':[]}, 'VJ-TP4':{'33':[], '39':[]}, 'VJ-TP5': { '42':[], '33':[]}, 'TLJ-PPA7-PPA8': {'80': []}}","{'VJ-TP1':{'33':[], '36':[]}, 'VJ-TP2':{'33':[], '37':[]}, 'VJ-TP3':{'33':[], '38':[]}, 'VJ-TP4':{'33':[], '39':[]},'VJ-TP5':{'42':[], '33':[]},'TLJ-PPA7-PPA8': {'80': []}}",[],[],[],0
33.2,33.3,33.1,"['34.1','34.2','34.3']","['VJ-TP1', 'VJ-TP2', 'VJ-TP3', 'VJ-TP4', 'VJ-TP5', 'TLJ-PPA7-PPA8']","{'VJ-TP1':{'33':['33.1', '33.3', '36.1', '36.2', '36.3', '34.1','34.2', '34.3']}, 'VJ-TP2':{'33':['33.1', '33.3', '37.1', '37.2', '37.3','34.1', '34.2', '34.3']}, 'VJ-TP3':{'33':['33.1', '33.3', '38.1', '38.2', '38.3', '34.1','34.2', '34.3']}, 'VJ-TP4':{'33':['33.1', '33.3', '39.1', '39.2', '39.3','34.1', '34.2', '34.3']}, 'TLJ-PPA7-PPA8':{'80': ['40.1', '40.2', '81.1', '120.1', '120.2', '33.1', '33.3', '81.2', '81.3', '89.1', '89.2', '34.1', '34.2', '34.3', '80.1', '80.2', '80.3', '88.1', '88.2']}, 'VJ-TP5': {'33': ['33.2','33.3','34.1','34.2','34.3','42.1','42.2','41.1']}}","{'VJ-TP1':{'33':[]}, 'VJ-TP2':{'33':[]}, 'VJ-TP3':{'33':[]}, 'VJ-TP4':{'33':[]}, 'TLJ-PPA7-PPA8':{'80': []}, 'VJ-TP5': {'33': []}}","{'VJ-TP1':{'33':[]}, 'VJ-TP2':{'33':[]}, 'VJ-TP3':{'33':[]}, 'VJ-TP4':{'33':[]},'VJ-TP5':{'33':[]},'TLJ-PPA7-PPA8': {'80': []}}",[],[],[],0
33.3,,33.2,"['33.1','34.1','34.2','34.3']","['VJ-TP1', 'VJ-TP2', 'VJ-TP3', 'VJ-TP4', 'VJ-TP5', 'TLJ-PPA7-PPA8']","{'VJ-TP1':{'33':['33.1', '33.2', '36.1', '36.2', '36.3','34.1', '34.2', '34.3']}, 'VJ-TP2':{'33':['33.1', '33.2', '37.1', '37.2', '37.3','34.1', '34.2', '34.3']}, 'VJ-TP3':{'33':['33.1', '33.2', '38.1', '38.2', '38.3','34.1', '34.2', '34.3']}, 'VJ-TP4':{'33':['33.1', '33.2', '39.1', '39.2', '39.3','34.1', '34.2', '34.3']}, 'TLJ-PPA7-PPA8':{'80': ['40.1', '40.2', '88.1', '88.2', '42.1', '42.2', '120.1', '120.2', '33.1', '33.2', '34.1', '34.2', '34.3','81.1','81.2','81.3', '80.1', '80.2', '80.3'], '89':['40.2', '88.1','88.2', '40.1', '33.1', '33.2', '120.1', '120.2', '80.1', '80.2', '80.3', '89.1', '89.2', '34.1', '34.2', '34.3']}, 'VJ-TP5': {'33': ['33.1','33.2','34.1','34.2','34.3','42.1','42.2','41.1']}}","{'VJ-TP1': {'33': []}, 'VJ-TP2': {'33': []}, 'VJ-TP3': {'33': []}, 'VJ-TP4': {'33': []}, 'TLJ-PPA7-PPA8': {'80': [], '89': ['81.1', '81.2', '81.3']}, 'VJ-TP5': {'33': []}}","{'VJ-TP1': {'33': []}, 'VJ-TP2': {'33': []}, 'VJ-TP3': {'33': []}, 'VJ-TP4': {'33': []}, 'VJ-TP5': {'33': []}, 'TLJ-PPA7-PPA8': {'80': [],'89': []}}",[],[],[],0
34.1,,34.2,"['34.3','33.1','33.2','33.2']","['VJ-TP4', 'VJ-TP3', 'VJ-TP2', 'VJ-TP1', 'TLJ-TAB-PPA8']","{'VJ-TP4':{'34':['34.2', '34.3', '33.1', '33.2', '33.3', '39.1', '39.2', '39.3'], '39':['34.2', '34.3', '39.1', '39.2', '39.3']}, 'VJ-TP3':{'34':['34.2', '34.3', '33.1', '33.2', '33.3', '38.1', '38.2', '38.3'], '38':['34.2', '34.3', '38.1', '38.2', '38.3']}, 'VJ-TP2':{'34':['34.2', '34.3', '33.1', '33.2', '33.3', '37.1', '37.2', '37.3'], '37':['34.2', '34.3', '37.1', '37.2', '37.3']}, 'VJ-TP1':{'34':['34.2', '34.3', '33.1', '33.2', '33.3', '36.1', '36.2', '36.3'], '36':['34.2', '34.3', '36.1', '36.2', '36.3']}, 'TLJ-TAB-PPA8':{'4':['2.1', '2.2', '44.1', '44.2', '34.2', '4.1', '4.2', '5.1','5.2', '33.2', '33.3', '43.1', '43.2', '1.1', '1.2' ], '43':['2.1', '2.2', '44.1', '44.2', '34.2', '33.2', '33.3', '43.1', '43.2', '1.1', '1.2', '4.1', '4.2']}}","{'VJ-TP5':{'34':[], '42':[]},'VJ-TP4':{'34':[], '39':[]}, 'VJ-TP3':{'34':[], '38':[]}, 'VJ-TP2':{'34':[], '37':[]}, 'VJ-TP1':{'34':[], '36':[]}, 'TLJ-TAB-PPA8':{'4':[], '43':['5.1', '5.1']}}","{'VJ-TP5':{'34':[], '42':['33.1', '33.2', '33.3']},'VJ-TP4':{'34':[], '39':['33.1', '33.2', '33.3']}, 'VJ-TP3':{'34':[], '38':['33.1', '33.2', '33.3']}, 'VJ-TP2':{'34':[], '37':['33.1', '33.2', '33.3']}, 'VJ-TP1':{'34':[], '36':['33.1', '33.2', '33.3']}, 'TLJ-TAB-PPA8':{'4':[], '43':[]}}",[],[],[],0
34.2,34.1,34.3,"['33.1','33.2','33.3']","['VJ-TP4', 'VJ-TP3', 'VJ-TP2', 'VJ-TP1', 'TLJ-TAB-PPA8']","{'VJ-TP4':{'34':['34.1', '34.3', '33.1', '33.2', '33.3', '39.1', '39.2', '39.3']}, 'VJ-TP3':{'34':['34.1', '34.3', '33.1', '33.2', '33.3', '38.1', '38.2', '38.3']}, 'VJ-TP2':{'34':['34.1', '34.3', '33.1', '33.2', '33.3', '37.1', '37.2', '37.3']}, 'VJ-TP1':{'34':['34.1', '34.3', '33.1', '33.2', '33.3', '36.1', '36.2', '36.3']}, 'TLJ-TAB-PPA8':{'4':['2.1', '2.2', '44.1', '44.2', '34.1', '4.1', '4.2', '5.1','5.2', '33.2', '33.3', '43.1', '43.2', '1.1', '1.2' ]}}","{'VJ-TP5':{'34':[]},'VJ-TP4':{'34':[]}, 'VJ-TP3':{'34':[]}, 'VJ-TP2':{'34':[]}, 'VJ-TP1':{'34':[]}, 'TLJ-TAB-PPA8':{'4':[]}}","{'VJ-TP5':{'34':[]},'VJ-TP4':{'34':[]}, 'VJ-TP3':{'34':[]}, 'VJ-TP2':{'34':[]}, 'VJ-TP1':{'34':[]}, 'TLJ-TAB-PPA8':{'4':[]}}",[],[],[],0
34.3,34.2,,"['34.1','33.1','33.2','33.3']","['VJ-TP4', 'VJ-TP3', 'VJ-TP2', 'VJ-TP1', 'TLJ-TAB-PPA8']","{'VJ-TP4':{'34':['34.1', '34.3', '33.1', '33.2', '33.3', '39.1', '39.2', '39.3']}, 'VJ-TP3':{'34':['34.1', '34.3', '33.1', '33.2', '33.3', '38.1', '38.2', '38.3']}, 'VJ-TP2':{'34':['34.1', '34.3', '33.1', '33.2', '33.3', '37.1', '37.2', '37.3']}, 'VJ-TP1':{'34':['34.1', '34.3', '33.1', '33.2', '33.3', '36.1', '36.2', '36.3']}, 'TLJ-TAB-PPA8':{'4':['2.1', '2.2', '44.1', '44.2', '34.1', '4.1', '4.2', '5.1','5.2', '33.2', '33.3', '43.1', '43.2', '1.1', '1.2' ]}}","{'VJ-TP5':{'34':[]},'VJ-TP4':{'34':[]}, 'VJ-TP3':{'34':[]}, 'VJ-TP2':{'34':[]}, 'VJ-TP1':{'34':[]}, 'TLJ-TAB-PPA8':{'4':[]}}","{'VJ-TP5':{'34':[]},'VJ-TP4':{'34':[]}, 'VJ-TP3':{'34':[]}, 'VJ-TP2':{'34':[]}, 'VJ-TP1':{'34':[]}, 'TLJ-TAB-PPA8':{'4':[]}}",[],[],[],0
35.1,,,"['2.1', '2.2']",[],{},{},{},[],"['1.1', '44.1', '44.2', '5.2']",['TLJ-TAB-PPA8'],0
36.1,36.2,,['36.3'],['VJ-TQ1'],"{'VJ-TQ1':{'47':['36.2', '36.3', '46.1', '46.2', '50.1', '50.2', '50.3']}}",{'VJ-TQ1':{'47':[]}},"{'VJ-TQ1':{'47':['47.1', '47.2']}}",[],[],[],1
36.2,36.3,36.1,[],['VJ-TQ1'],"{'VJ-TQ1':{'50':['36.1', '36.3', '50.1', '50.2', '50.3'], '47':['36.2', '36.3', '46.1', '46.2', '50.1', '50.2', '50.3'], '46':['36.1', '36.2', '50.1', '50.2', '50.3']}}","{'VJ-TQ1':{'50':[], '47':[], '46':[]}}","{'VJ-TQ1':{'50':['47.1', '47.2', '46.1', '46.2'], '47':['47.1', '47.2'], '46':['47.1', '47.1', '46.1', '46.2']}}",[],[],[],1
36.3,,36.2,['36.1'],['VJ-TQ1'],"{'VJ-TQ1':{'46':['36.1', '36.2', '50.1', '50.2', '50.3']}}",{'VJ-TQ1':{'46':[]}},"{'VJ-TQ1':{'46':['47.1', '47.1', '46.1', '46.2']}}",[],[],[],1
37.1,37.2,,['37.3'],['VJ-TQ2'],"{'VJ-TQ2':{'47':['37.2', '37.3', '46.1', '46.2', '51.1', '51.2', '51.3']}}",{'VJ-TQ2':{'47':[]}},"{'VJ-TQ2':{'47':['47.1', '47.2']}}",[],[],[],1
37.2,37.3,37.1,[],['VJ-TQ2'],"{'VJ-TQ2':{'51':['37.1', '37.3', '51.1', '51.2', '51.3'], '47':['37.2', '37.3', '46.1', '46.2', '51.1', '51.2', '51.3'], '46':['37.1', '37.2', '51.1', '51.2', '51.3']}}","{'VJ-TQ2':{'51':[], '47':[], '46':[]}}","{'VJ-TQ2':{'51':['47.1', '47.1', '46.1', '46.2'], '47':['47.1', '47.2'], '46':['47.1', '47.1', '46.1', '46.2']}}",[],[],[],1
37.3,,37.2,['37.1'],['VJ-TQ2'],"{'VJ-TQ2':{'46':['37.1', '37.2', '51.1', '51.2', '51.3']}}",{'VJ-TQ2':{'46':[]}},"{'VJ-TQ2':{'46':['47.1', '47.1', '46.1', '46.2']}}",[],[],[],1
38.1,38.2,,['36.3'],['VJ-TQ3'],"{'VJ-TQ3':{'47':['38.2', '38.3', '46.1', '46.2', '52.1', '52.2', '52.3']}}",{'VJ-TQ3':{'47':[]}},"{'VJ-TQ3':{'47':['47.1', '47.2']}}",[],[],[],1
38.2,38.3,38.1,[],['VJ-TQ3'],"{'VJ-TQ3':{'52':['38.1', '38.3', '52.1', '52.2', '52.3'], '47':['38.2', '38.3', '46.1', '46.2', '52.1', '52.2', '52.3'], '46':['38.1', '38.2', '52.1', '52.2', '52.3']}}","{'VJ-TQ3':{'52':[], '47':[], '46':[]}}","{'VJ-TQ3':{'52':['47.1', '47.1', '46.1', '46.2'], '47':['47.1', '47.2'], '46':['47.1', '47.1', '46.1', '46.2']}}",[],[],[],1
38.3,,38.2,['38.1'],['VJ-TQ3'],"{'VJ-TQ3':{'46':['38.1', '38.2', '52.1', '52.2', '52.3']}}",{'VJ-TQ3':{'46':[]}},"{'VJ-TQ3':{'46':['47.1', '47.1', '46.1', '46.2']}}",[],[],[],1
39.1,39.2,,['39.3'],['VJ-TQ4'],"{'VJ-TQ4':{'47':['39.2', '39.3', '46.1', '46.2', '53.1', '53.2', '53.3']}}",{'VJ-TQ4':{'47':[]}},"{'VJ-TQ4':{'47':['47.1', '47.2']}}",[],[],[],1
39.2,39.3,39.1,[],['VJ-TQ4'],"{'VJ-TQ4':{'53':['39.1', '39.3', '53.1', '53.2', '53.3'], '47':['39.2', '39.3', '46.1', '46.2', '53.1', '53.2', '53.3'], '46':['39.1', '39.2', '53.1', '53.2', '53.3']}}","{'VJ-TQ4':{'53':[], '47':[], '46':[]}}","{'VJ-TQ4':{'53':['47.1', '47.1', '46.1', '46.2'], '47':['47.1', '47.2'], '46':['47.1', '47.1', '46.1', '46.2']}}",[],[],[],1
39.3,,39.2,['39.1'],['VJ-TQ4'],"{'VJ-TQ4':{'46':['39.1', '39.2', '53.1', '53.2', '53.3']}}",{'VJ-TQ4':{'46':[]}},"{'VJ-TQ4':{'46':['47.1', '47.1', '46.1', '46.2']}}",[],[],[],1
40.1,40.2,,"['41.1','120.1','120.2']","['TLJ-PPA7-PPA8', 'VJ-PPA7-BL0']","{'TLJ-PPA7-PPA8':{'89':['81.1', '81.2', '81.3', '33.1', '33.2', '33.3','40.2', '80.1', '80.2', '80.3', '88.1', '88.2', '89.1', '89.2', '34.1', '34.2', '34.3', '120.1', '120.2']}, 'VJ-PPA7-BL0': {'40': ['150.1', '40.1', '40.2', '120.1', '120.2']}}","{'TLJ-PPA7-PPA8':{'89':[]}, 'VJ-PPA7-BL0': {'40': []}}","{'TLJ-PPA7-PPA8':{'89':[]}, 'VJ-PPA7-BL0': {'40': []}}",[],[],[],0
40.2,,40.1,"['41.1', '120.1','120.2']","['TLJ-PPA7-PPA8', 'VJ-PPA7-BL0']","{'TLJ-PPA7-PPA8':{'34':[ '89.1', '89.2', '33.1', '33.2', '33.3','40.1', '80.1', '80.2', '80.3', '81.1', '81.2', '81.3', '34.1', '34.2', '34.3', '120.1', '120.2']}, 'VJ-PPA7-BL0': {'40': ['150.1', '40.1', '40.2', '120.1', '120.2']}}","{'TLJ-PPA7-PPA8':{'34':['88.1', '88.2']}, 'VJ-PPA7-BL0': {'40': []}}","{'TLJ-PPA7-PPA8':{'34':[]}, 'VJ-PPA7-BL0': {'40': []}}",[],[],[],0
41.1,,,"['120.1', '120.2']",[],{},{},{},[],"['120.1', '81.1', '88.1', '88.2']",['TLJ-PPA7-PPA8'],0
41.2,,,[],[],{},{},{},[],[],[],0
41.3,,,[],[],{},{},{},[],[],[],0
42.1,42.2,,[],['VJ-TQ5'],"{'VJ-TQ5': {'47': ['42.2', '57.1', '57.2', '46.1', '46.2'] }}",{'VJ-TQ5': {'47': [] }},"{'VJ-TQ5': {'47': ['47.1', '47.2'] }}",[],[],[],1
42.2,,42.1,[],['VJ-TQ5'],"{'VJ-TQ5': {'47': ['57.1', '57.2', '46.1', '46.2'], '57': ['57.1', '57.2'] }}","{'VJ-TQ5': {'47': ['42.1'], '57': ['42.1'] }}","{'VJ-TQ5': {'47': ['47.1', '47.2'], '57': ['46.1', '46.2', '47.1', '47.2'] }}",[],[],[],1
43.1,43.2,,"['44.1','44.2','45.1','45.2']","['URJ-TMP-TPQ', 'VJ-TN3', 'VJ-TN4', 'VJ-TN5', 'VJ-TN6', 'VJ-TN7', 'VJ-TN8']","{'URJ-TMP-TPQ':{ '56':['46.1','46.2','47.1','47.2','43.2','55.3','55.2', '56.1', '56.2', '44.1', '44.2']}, 'VJ-TN3': {'43': ['43.2', '44.1', '44.2', '143.1', '143.2', '143.3']}, 'VJ-TN4': {'43': ['43.2', '44.1', '44.2', '144.1', '144.2', '144.3']}, 'VJ-TN5': {'43': ['43.2', '44.1', '44.2', '145.1', '145.2', '145.3']}, 'VJ-TN6': {'43': ['43.2', '44.1', '44.2', '146.1', '146.2', '146.3']}, 'VJ-TN7': {'43': ['43.2', '44.1', '44.2', '147.1']}, 'VJ-TN8': {'43': ['43.2', '44.1', '44.2', '148.1', '148.2', '148.3']}}","{'URJ-TMP-TPQ':{ '56':[]}, 'VJ-TN3': {'43': []}, 'VJ-TN4': {'43': []}, 'VJ-TN5': {'43': []}, 'VJ-TN6': {'43': []}, 'VJ-TN7': {'43': []}, 'VJ-TN8': {'43': []}}","{'URJ-TMP-TPQ':{ '56':[]}, 'VJ-TN3': {'43': []}, 'VJ-TN4': {'43': []}, 'VJ-TN5': {'43': []}, 'VJ-TN6': {'43': []}, 'VJ-TN7': {'43': []}, 'VJ-TN8': {'43': []}}",[],[],[],0
43.2,,43.1,"['44.1','44.2','45.1','45.2']","['URJ-TMP-TPQ', 'VJ-TN3', 'VJ-TN4', 'VJ-TN5', 'VJ-TN6', 'VJ-TN7', 'VJ-TN8']","{'URJ-TMP-TPQ':{ '56':['46.1','46.2','47.1', '47.2','44.1','44.2','43.1','55.3','55.2','56.1','56.2'],'46':['46.1','46.2','47.1', '47.2','44.1','44.2','43.1','56.1','56.2']}, 'VJ-TN3': {'43': ['43.1', '44.1', '44.2', '143.1', '143.2', '143.3']}, 'VJ-TN4': {'43': ['43.1', '44.1', '44.2', '144.1', '144.2', '144.3']}, 'VJ-TN5': {'43': ['43.1', '44.1', '44.2', '145.1', '145.2', '145.3']}, 'VJ-TN6': {'43': ['43.1', '44.1', '44.2', '146.1', '146.2', '146.3']}, 'VJ-TN7': {'43': ['43.1', '44.1', '44.2', '147.1']}, 'VJ-TN8': {'43': ['43.1', '44.1', '44.2', '148.1', '148.2', '148.3']}}","{'URJ-TMP-TPQ':{ '56':[],'46':['55.3','55.2']}, 'VJ-TN3': {'43': []}, 'VJ-TN4': {'43': []}, 'VJ-TN5': {'43': []}, 'VJ-TN6': {'43': []}, 'VJ-TN7': {'43': []}, 'VJ-TN8': {'43': []}}","{'URJ-TMP-TPQ':{ '56':[],'46':[]}, 'VJ-TN3': {'43': []}, 'VJ-TN4': {'43': []}, 'VJ-TN5': {'43': []}, 'VJ-TN6': {'43': []}, 'VJ-TN7': {'43': []}, 'VJ-TN8': {'43': []}}",[],[],[],0
44.1,,44.2,"['43.1','43.2','45.1','45.2']","['TLJ-TAB-PPA8', 'VJ-TN3', 'VJ-TN4', 'VJ-TN5', 'VJ-TN6', 'VJ-TN7', 'VJ-TN8']","{'TLJ-TAB-PPA8':{'1':['34.1','34.2','1.1', '1.2','2.1','2.2', '33.1','33.2','2.1','4.1','4.2','43.1','43.2','44.2', '5.1','5.2'],'4':['34.1','34.2', '33.1','33.2','1.1','1.2','43.1','43.2','44.2','5.1','5.2']}, 'VJ-TN3': {'44': ['43.1', '43.2', '44.2', '143.1', '143.2', '143.3']}, 'VJ-TN4': {'44': ['43.1', '43.2', '44.2', '144.1', '144.2', '144.3']}, 'VJ-TN5': {'44': ['43.1', '43.2', '44.2', '145.1', '145.2', '145.3']}, 'VJ-TN6': {'44': ['43.1', '43.2', '44.2', '146.1', '146.2', '146.3']}, 'VJ-TN7': {'44': ['43.1', '43.2', '44.2', '147.1']}, 'VJ-TN8': {'44': ['43.1', '43.2', '44.2', '148.1', '148.2', '148.3']}}","{'TLJ-TAB-PPA8':{'1':[],'4':['2.1','2.2']}, 'VJ-TN3': {'44': []}, 'VJ-TN4': {'44': []}, 'VJ-TN5': {'44': []}, 'VJ-TN6': {'44': []}, 'VJ-TN7': {'44': []}, 'VJ-TN8': {'44': []}}","{'TLJ-TAB-PPA8':{'1':[],'4':[]}, 'VJ-TN3': {'44': []}, 'VJ-TN4': {'44': []}, 'VJ-TN5': {'44': []}, 'VJ-TN6': {'44': []}, 'VJ-TN7': {'44': []}, 'VJ-TN8': {'44': []}}",[],[],[],0
44.2,44.1,,"['43.1','43.2','45.1','45.2']","['TLJ-TAB-PPA8', 'VJ-TN3', 'VJ-TN4', 'VJ-TN5', 'VJ-TN6', 'VJ-TN7', 'VJ-TN8']","{'TLJ-TAB-PPA8':{ '1':['34.1','34.2', '33.1','33.2','1.1', '1.2','2.1','2.2','4.1','4.2','43.1','43.2','44.1', '5.1','5.2']}, 'VJ-TN3': {'44': ['43.1', '43.2', '44.1', '143.1', '143.2', '143.3']}, 'VJ-TN4': {'44': ['43.1', '43.2', '44.1', '144.1', '144.2', '144.3']}, 'VJ-TN5': {'44': ['43.1', '43.2', '44.1', '145.1', '145.2', '145.3']}, 'VJ-TN6': {'44': ['43.1', '43.2', '44.1', '146.1', '146.2', '146.3']}, 'VJ-TN7': {'44': ['43.1', '43.2', '44.1', '147.1']}, 'VJ-TN8': {'44': ['43.1', '43.2', '44.1', '148.1', '148.2', '148.3']}}","{'TLJ-TAB-PPA8':{ '1':[]}, 'VJ-TN3': {'44': []}, 'VJ-TN4': {'44': []}, 'VJ-TN5': {'44': []}, 'VJ-TN6': {'44': []}, 'VJ-TN7': {'44': []}, 'VJ-TN8': {'44': []}}","{'TLJ-TAB-PPA8':{ '1':[]}, 'VJ-TN3': {'44': []}, 'VJ-TN4': {'44': []}, 'VJ-TN5': {'44': []}, 'VJ-TN6': {'44': []}, 'VJ-TN7': {'44': []}, 'VJ-TN8': {'44': []}}",[],[],[],0
45.1,45.2,,[],['VJ-TQ0'],"{'VJ-TQ0':{'46':['54.1', '54.2', '55.1', '56.1', '56.2', '43.1', '44.2', '44.1', '45.1']}}","{'VJ-TQ0':{'46':['55.2', '43.2']}}","{'VJ-TQ0':{'46':['46.1', '46.2', '47.1', '47.2']}}",[],[],[],1
45.2,,45.1,[],['VJ-TQ0'],"{'VJ-TQ0':{'46':['54.1', '54.2', '55.1', '56.1', '56.2', '43.1', '44.2', '44.1', '45.2'], '54':['54.1', '54.2', '55.1', '56.1', '56.2', '43.1', '44.2', '44.1', '45.2']}}","{'VJ-TQ0':{'46':['55.2', '43.2'], '54':['55.2', '43.2']}}","{'VJ-TQ0':{'46':['46.1', '46.2', '47.1', '47.2'], '54':['46.1', '46.2', '47.1', '47.2']}}",[],[],[],1
46.1,46.2,,"['47.1','47.2']","['VJ-TQ5','VJ-TQ4','VJ-TQ3','VJ-TQ2','VJ-TQ1','VJ-TQ0','URJ-PPA7-TPQ']","{'VJ-TQ0':{ '54':['47.1','47.2','46.2','45.1','45.2','54.1','54.2'],'47':['47.1','47.2','46.2','45.1','45.2','54.1','54.2']},'VJ-TQ1':{ '50':['36.1','36.3','46.2','47.1','36.2','47.2','50.1','50.2','50.3'],'46':['36.1','36.3','46.2','47.1','36.2','47.2','50.1','50.2','50.3']}, 'VJ-TQ2':{ '51':['37.1','37.3','46.2','47.1','37.2','47.2','51.1','51.2','51.3'],'46':['37.1','37.3','46.2','47.1','37.2','47.2','51.1','51.2','51.3']}, 'VJ-TQ3':{ '52':['38.1','38.3','46.2','47.1','38.2','47.2','52.1','52.2','52.3'],'46':['38.1','38.3','46.2','47.1','38.2','47.2','52.1','52.2','52.3']},'VJ-TQ4':{ '53':['39.1','39.2','39.3','46.2','47.1','47.2','53.1','53.2','53.3'],'46':['39.1','39.2','39.3','46.2','47.1','47.2','53.1','53.2','53.3']},'VJ-TQ5':{ '57':['42.1', '42.2', '46.2','47.1','47.2','57.1','57.2'],'46':['42.1','46.2','47.1','47.2','57.1','57.2']}, 'URJ-PPA7-TPQ':{ '121':['46.1','46.2','58.1','58.2','40.1','40.2','42.1','42.2','47.1','47.2', '153.1', '121.1', '121.2'], '57':['121.1','121.2','58.1','58.2','40.1','40.2','120.1','120.2','42.1', '153.1', '57.1', '57.2']}}","{'VJ-TQ0':{ '54':[],'47':[]},'VJ-TQ1':{ '50':[],'46':[]}, 'VJ-TQ2':{ '51':[],'46':[]}, 'VJ-TQ3':{ '52':[],'46':[]},'VJ-TQ4':{ '53':[],'46':[]},'VJ-TQ5':{ '57':[],'46':['42.2']}, 'URJ-PPA7-TPQ':{ '121':['120.1','120.2'], '57':[]}}","{'VJ-TQ0':{ '54':[],'47':[]},'VJ-TQ1':{ '50':[],'46':[]}, 'VJ-TQ2':{ '51':[],'46':[]}, 'VJ-TQ3':{ '52':[],'46':[]},'VJ-TQ4':{ '53':[],'46':[]},'VJ-TQ5':{ '57':[],'46':[]}, 'URJ-PPA7-TPQ':{ '121':[], '57':[]}}",[],[],[],0
46.2,,46.1,"['47.1','47.2']","['VJ-TQ5','VJ-TQ4','VJ-TQ3','VJ-TQ2','VJ-TQ1','VJ-TQ0','URJ-PPA7-TPQ']","{'VJ-TQ0':{'47':['47.1','47.2','46.2','45.1','45.2','54.1','54.2']},'VJ-TQ1':{ '46':['46.1','36.3','36.2','47.1','47.2','36.1','50.1','50.2','50.3']}, 'VJ-TQ2':{ '46':['46.1','37.3','37.2','47.1','47.2','36.1','51.1','51.2','51.3']}, 'VJ-TQ3':{ '46':['46.1','38.3','38.2','47.1','47.2','38.1','52.1','52.2','52.3']},'VJ-TQ4':{ '46':['46.1','39.3','39.2','47.1','47.2','39.1','53.1','53.2','53.3']},'VJ-TQ5':{ '46':['42.1','42.2','46.2','47.1','47.2','57.1','57.2']}, 'URJ-PPA7-TPQ':{ '40':['57.1','57.2','121.1','121.2','42.1','42.2', '153.1', '40.1', '40.2']}}","{'VJ-TQ0':{'47':[]},'VJ-TQ1':{ '46':[]}, 'VJ-TQ2':{ '46':[]}, 'VJ-TQ3':{ '46':[]},'VJ-TQ4':{ '46':[]},'VJ-TQ5':{ '46':[]}, 'URJ-PPA7-TPQ':{ '40':['58.1','58.2','120.1','120.2']}}","{'VJ-TQ0':{'47':[]},'VJ-TQ1':{ '46':[]}, 'VJ-TQ2':{ '46':[]}, 'VJ-TQ3':{ '46':[]},'VJ-TQ4':{ '46':[]},'VJ-TQ5':{'46':[]}, 'URJ-PPA7-TPQ':{ '40':[]}}",[],[],[],0
47.1,,47.2,"['46.1','46.2']","['VJ-TQ5','VJ-TQ4','VJ-TQ3','VJ-TQ2','VJ-TQ1','VJ-TQ0','URJ-TMP-TPQ']","{'VJ-TQ5':{ '57':['47.2','42.1','42.2','57.1','57.2'],'47':['47.2','42.1','42.2','57.1','57.2','46.1','46.2']},'VJ-TQ4':{ '53':['47.2','39.1','39.2','39.3','53.1','53.2','53.3'],'47':['47.2','39.1','39.2','39.3','53.1','53.2','53.3','46.1','46.2']}, 'VJ-TQ3':{ '52':['47.2','38.1','38.2','38.3','52.1','52.2','52.3'],'47':['47.2','38.1','38.2','38.3','52.1','52.2','52.3','46.1','46.2']}, 'VJ-TQ2':{ '51':['47.2','37.1','37.2','37.3','51.1','51.2','51.3'],'47':['47.2','37.1','37.2','37.3','51.1','51.2','51.3','46.1','46.2']},'VJ-TQ1':{ '50':['47.2','36.1','36.2','36.3','50.1','50.2','50.3'],'47':['47.2','36.1','36.2','36.3','50.1','50.2','50.3','46.1','46.2']},'VJ-TQ0':{ '54':['47.2','45.1','45.2','54.1','54.2'],'47':['47.2','45.1','45.2','54.1','54.2','46.1','46.2']}, 'URJ-TMP-TPQ':{'56':['46.1','46.2','47.2','45.2','45.1','44.1','44.2','54.1','54.2', '56.1', '56.2']}}","{'VJ-TQ5':{ '57':[],'47':[]},'VJ-TQ4':{ '53':[],'47':[]}, 'VJ-TQ3':{ '52':[],'47':[]}, 'VJ-TQ2':{ '51':[],'47':[]},'VJ-TQ1':{ '50':[],'47':[]},'VJ-TQ0':{ '54':[],'47':[]}, 'URJ-TMP-TPQ':{'56':['43.1','43.2','55.3','55.2']}}","{'VJ-TQ5':{ '57':['46.1','46.2'],'47':[]},'VJ-TQ4':{ '53':['46.1','46.2'],'47':[]}, 'VJ-TQ3':{ '52':['46.1','46.2'],'47':[]}, 'VJ-TQ2':{ '51':['46.1','46.2'],'47':[]},'VJ-TQ1':{ '50':['46.1','46.2'],'47':[]},'VJ-TQ0':{ '54':['46.1','46.2'],'47':[]}, 'URJ-TMP-TPQ':{'56':[]}}",[],[],[],0
47.2,47.1,,"['46.1','46.2']","['VJ-TQ5','VJ-TQ4','VJ-TQ3','VJ-TQ2','VJ-TQ1','VJ-TQ0','URJ-TMP-TPQ']","{'VJ-TQ5':{'47':['47.2','42.1','42.2','57.1','57.2','46.1','46.2']},'VJ-TQ4':{ '47':['47.1','46.1','46.2','53.1','53.2','53.3','39.1','39.2','39.3']}, 'VJ-TQ3':{ '47':['47.1','46.1','46.2','52.1','52.2','52.3','38.1','38.2','38.3']}, 'VJ-TQ2':{ '47':['47.1','46.1','46.2','51.1','51.2','51.3','37.1','37.2','37.3']},'VJ-TQ1':{ '47':['47.1','46.1','46.2','50.1','50.2','50.3','36.1','36.2','36.3']},'VJ-TQ0':{ '47':['47.1','46.1','46.2','54.1','54.2','45.1','45.2']}, 'URJ-TMP-TPQ':{ '44':['43.1','43.2','56.1','56.2','54.1','54.2','45.1','45.2', '44.1', '44.2']}}","{'VJ-TQ5':{'47':[]},'VJ-TQ4':{ '47':[]}, 'VJ-TQ3':{ '47':[]}, 'VJ-TQ2':{ '47':[]},'VJ-TQ1':{ '47':[]},'VJ-TQ0':{ '47':[]}, 'URJ-TMP-TPQ':{ '44':['55.3','55.2']}}","{'VJ-TQ5':{ '47':[]},'VJ-TQ4':{ '47':[]}, 'VJ-TQ3':{ '47':[]}, 'VJ-TQ2':{ '47':[]},'VJ-TQ1':{ '47':[]},'VJ-TQ0':{ '47':[]}, 'URJ-TMP-TPQ':{ '44':[]}}",[],[],[],0
48.1,,,"['44.1', '44.2']",[],{},{},{},[],"['43.1', '2.1', '2.2', '34.2']",['TLJ-TAB-PPA8'],0
49.1,,,"['33.2', '33.3']",[],{},{},{},[],"['33.1', '5.1', '5.2', '2.2']",['TLJ-TAB-PPA8'],0
50.1,50.2,,['50.3'],['VJ-TR1'],"{'VJ-TR1': { '60': ['59.1', '59.2', '50.3', '50.2']}}",{'VJ-TR1': { '60': []}},"{'VJ-TR1': { '60': ['60.2', '60.1']}}",[],[],[],1
50.2,50.3,50.1,[],['VJ-TR1'],"{'VJ-TR1': { '60': ['59.1', '59.2', '50.3'], '59':['50.1']}}","{'VJ-TR1': { '60': ['50.1'], '59':['50.3']}}","{'VJ-TR1': { '60': ['60.1', '60.2'], '59':['59.1', '59.2', '60.1', '60.2'] }}",[],[],[],1
50.3,,50.2,['50.1'],['VJ-TR1'],"{'VJ-TR1': { '59': ['50.1', '50.2']}}",{'VJ-TR1': { '59': []}},"{'VJ-TR1': { '59': ['59.1','59.2', '60.1', '60.2'] }}",[],[],[],1
51.1,51.2,,['51.3'],['VJ-TR2'],"{'VJ-TR2': { '60': ['59.1', '59.2', '51.3', '51.2']}}",{'VJ-TR2': { '60': []}},"{'VJ-TR2': { '60': ['60.1','60.2']}}",[],[],[],1
51.2,51.3,51.1,[],['VJ-TR2'],"{'VJ-TR2': { '60': ['59.1', '59.2', '51.3'], '59':['51.1']}}","{'VJ-TR2': { '60': ['51.1'], '59':['51.3']}}","{'VJ-TR2': { '60': ['60.1', '60.2'], '59':['59.1', '59.2', '60.1', '60.2'] }}",[],[],[],1
51.3,,51.2,['51.1'],['VJ-TR2'],"{'VJ-TR2': { '59': ['51.1', '51.2']}}",{'VJ-TR2': { '59': []}},"{'VJ-TR2': { '59': ['59.1', '59.2', '60.1', '60.2']}}",[],[],[],1
52.1,52.2,,['52.3'],['VJ-TR3'],"{'VJ-TR3': { '60': ['59.1', '59.2', '52.3', '52.2']}}",{'VJ-TR3': { '60': []}},"{'VJ-TR3': { '60': ['60.1', '60.2']}}",[],[],[],1
52.2,52.3,52.1,[],['VJ-TR3'],"{'VJ-TR3': { '60': ['59.1', '59.2', '52.3'], '59':['52.1']}}","{'VJ-TR3': { '60': ['52.1'], '59':['52.3']}}","{'VJ-TR3': { '60': ['60.1', '60.2'], '59':['59.1', '59.2', '60.1', '60.2']}}",[],[],[],1
52.3,,52.2,['52.1'],['VJ-TR3'],"{'VJ-TR3': { '59': ['52.1', '52.2']}}",{'VJ-TR3': { '59': []}},"{'VJ-TR3': { '59': ['59.1', '59.2', '60.1', '60.2']}}",[],[],[],1
53.1,53.2,,['53.3'],['VJ-TR4'],"{'VJ-TR4': { '60': ['59.1', '59.2', '53.2', '53.3']}}",{'VJ-TR4': { '60': []}},"{'VJ-TR4': { '60': ['60.1', '60.2']}}",[],[],[],1
53.2,53.3,53.1,[],['VJ-TR4'],"{'VJ-TR4': { '60': ['59.1', '59.2', '53.3'], '59':['53.1']}}","{'VJ-TR4': { '60': ['53.1'], '59':['53.3']}}","{'VJ-TR4': { '60': ['60.1', '60.2'], '59':['59.1', '59.2', '60.1', '60.2']}}",[],[],[],1
53.3,,53.2,['53.1'],['VJ-TR4'],"{'VJ-TR4': { '59': ['53.1', '53.2']}}",{'VJ-TR4': { '59': []}},"{'VJ-TR4': { '59': ['59.1', '59.2', '60.1', '60.2']}}",[],[],[],1
54.1,,54.2,[],['VJ-TR0'],"{'VJ-TR0': {'59': ['75.1', '75.2', '54.2']}}",{'VJ-TR0': {'59': []}},"{'VJ-TR0': {'59': ['59.1', '59.2', '60.1', '60.2']}}",[],[],[],1
54.2,54.1,,[],['VJ-TR0'],"{'VJ-TR0': {'59': ['75.1', '75.2'], '75': ['75.1', '75.2']}}","{'VJ-TR0': {'59': ['54.1'], '75': ['54.1']}}","{'VJ-TR0': {'59': ['59.1', '59.2', '60.1', '60.2'], '75': ['59.1', '59.2', '60.1', '60.2']}}",[],[],[],1
55.1,,55.2,"['54.1','54.2','56.1','56.2']","['URJ-TMP-TPQ','TLJ-TMP-PPD8', 'VJ-TN2']","{'TLJ-TMP-PPD8':{ '55':['55.2', '55.3', '56.1', '56.2', '139.1', '139.2', '138.1', '138.2', '140.1', '140.2']},'URJ-TMP-TPQ':{ '44':['44.1', '44.2', '43.1', '55.2', '46.1', '46.2', '43.2', '47.1', '47.2']}, 'VJ-TN2': {'55': ['55.2', '56.1', '56.2', '142.1', '142.2', '142.3']}}","{'TLJ-TMP-PPD8':{ '55':[]}, 'URJ-TMP-TPQ':{ '44':[]}, 'VJ-TN2': {'55': []}}","{'TLJ-TMP-PPD8':{ '55':[]},'URJ-TMP-TPQ':{ '44':[]}, 'VJ-TN2': {'55': []}}",[],[],[],0
55.2,55.1,,"['54.1','54.2','56.1','56.2']","['URJ-TMP-TPQ','TLJ-TMP-PPD8', 'VJ-TN2']","{'TLJ-TMP-PPD8':{ '55':['55.1', '55.3', '56.1','56.2', '139.1', '139.2', '138.1', '138.2', '140.1', '140.2']},'URJ-TMP-TPQ':{ '44': ['44.1', '44.2', '43.1', '55.3', '46.1', '46.2'],'46':['44.1', '44.2', '43.2', '56.1', '56.2', '46.1', '46.2', '47.1', '47.2', '43.1']}, 'VJ-TN2': {'55': ['55.3', '56.1', '56.2', '142.1', '142.2', '142.3']}}","{'TLJ-TMP-PPD8':{ '55':[]},'URJ-TMP-TPQ':{ '44':[],'46':[]}, 'VJ-TN2': {'55': []}}","{'TLJ-TMP-PPD8':{ '55':[]},'URJ-TMP-TPQ':{ '44':[],'46':[]}, 'VJ-TN2': {'55': []}}",[],[],[],0
55.3,,55.2,"['54.1','54.2','56.1','56.2']","['URJ-TMP-TPQ', 'VJ-TN2']","{'URJ-TMP-TPQ':{ '44':['44.1', '44.2', '43.1', '55.2', '46.1', '46.2', '43.2', '47.1', '47.2']}, 'VJ-TN2': {'55': ['55.2', '56.1', '56.2', '142.1', '142.2', '142.3']}}","{'URJ-TMP-TPQ':{ '44':[]}, 'VJ-TN2': {'55': []}}","{'URJ-TMP-TPQ':{ '44':[]}, 'VJ-TN2': {'55': []}}",[],[],[],0
56.1,56.2,,"['55.1','55.2','55.3','54.1','54.2']","['URJ-PPD7-TQR','TLJ-TMP-PPD8', 'VJ-TN2']","{'TLJ-TMP-PPD8':{ '56':['56.2','55.1','55.2', '139.1', '139.2', '138.1', '138.2', '140.1', '140.2']},'URJ-PPD7-TQR':{ '77':['59.1','59.2','77.1','77.2','60.2','55.1','55.2','76.1','76.2','56.2', '60.1']}, 'VJ-TN2': {'56': ['55.1', '55.2', '56.2', '142.1', '142.2', '142.3']}}","{'TLJ-TMP-PPD8':{ '56':[]},'URJ-PPD7-TQR':{ '77':[]}, 'VJ-TN2': {'56': []}}","{'TLJ-TMP-PPD8':{ '56':[]},'URJ-PPD7-TQR':{ '77':[]}, 'VJ-TN2': {'56': []}}",[],[],[],0
56.2,,56.1,"['55.1','55.2','55.3','54.1','54.2']","['URJ-PPD7-TQR','TLJ-TMP-PPD8', 'VJ-TN2']","{'TLJ-TMP-PPD8':{ '56':['56.1','55.1','55.2', '139.1', '139.2', '138.1', '138.2', '140.1', '140.2']},'URJ-PPD7-TQR':{ '77':['59.1','59.2','77.1','77.2','60.2','55.1','55.2','76.1','76.2','56.2', '60.1'],'59':['56.1', '77.1', '77.2', '59.1', '59.2', '60.1','60.2', '55.1', '55.2']}, 'VJ-TN2': {'56': ['55.3', '55.2', '56.1', '142.1', '142.2', '142.3']}}","{'TLJ-TMP-PPD8':{ '56':[]},'URJ-PPD7-TQR':{ '77':['60.1'], '59':['76.1','76.2']}, 'VJ-TN2': {'56': []}}","{'TLJ-TMP-PPD8':{ '56':[]},'URJ-PPD7-TQR':{ '77':[],'59':[]}, 'VJ-TN2': {'56': []}}",[],[],[],0
57.1,57.2,,[],['VJ-TR5'],"{'VJ-TR5':{'60':['57.2', '59.1', '59.2','78.1', '78.2']}}",{'VJ-TR5':{'60':[]}},"{'VJ-TR5':{'60':['60.2', '60.1']}}",[],[],[],1
57.2,,57.1,[],['VJ-TR5'],"{'VJ-TR5':{'59':['57.2', '78.1', '78.2'], '60':['57.2', '59.1', '59.2','78.1', '78.2']}}","{'VJ-TR5':{'59':[], '60':[]}}","{'VJ-TR5':{'59':['60.1', '60.2', '59.2', '59.1'], '60':['60.2', '60.1']}}",[],[],[],1
58.1,,58.2,"['121.1', '121.2','57.1','57.2']","['URJ-PPA7-TPQ', 'VJ-PPA7-PL0']","{'URJ-PPA7-TPQ':{'40':['58.2', '40.1', '40.2', '120.1', '120.2', '121.1', '121.2', '47.1', '47.2', '46.1','46.2', '153.1']}, 'VJ-PPA7-PL0': {'58': ['58.1', '58.2', '121.1', '121.2']}}","{'URJ-PPA7-TPQ':{'40':[]}, 'VJ-PPA7-PL0': {'58': []}}","{'URJ-PPA7-TPQ':{'40':[]}, 'VJ-PPA7-PL0': {'58': []}}",[],[],[],0
58.2,58.1,,"['121.1', '121.2','57.1','57.2']","['URJ-PPA7-TPQ', 'VJ-PPA7-PL0']","{'URJ-PPA7-TPQ':{'40':['58.1', '40.1', '40.2', '120.1', '120.2', '121.1', '121.2', '47.1', '47.2', '46.1', '46.2', '153.1'], '47':['58.2', '40.1', '40.2', '121.1', '121.2', '47.1', '47.2', '46.1','46.2', '153.1']}, 'VJ-PPA7-PL0': {'58': ['58.1', '58.2', '121.1', '121.2']}}","{'URJ-PPA7-TPQ':{'40':[], '47':['120.1', '120.2']}, 'VJ-PPA7-PL0': {'58': []}}","{'URJ-PPA7-TPQ':{'40':[], '47':[]}, 'VJ-PPA7-PL0': {'58': []}}",[],[],[],0
59.1,59.2,,"['60.1', '60.2']","['VJ-TR0', 'VJ-TR1', 'VJ-TR2', 'VJ-TR3', 'VJ-TR4', 'VJ-TR5', 'URJ-PPA7-TQR']","{ 'VJ-TR0': {'59': ['54.1','54.2', '60.1', '59.2', '60.2', '75.1', '75.2']}, 'VJ-TR1': {'59': ['50.1', '50.3','50.2', '60.1', '59.2', '60.2', '134.1'], '134': ['50.1', '50.3', '50.2', '60.1','59.2', '60.2', '134.1']},'VJ-TR2': {'59': ['51.1', '51.3', '59.2','51.2', '60.1', '60.2', '135.1', '135.2', '135.3'], '135': ['51.1', '51.3', '59.2','51.2', '60.1', '60.2', '135.1', '135.2', '135.3']},'VJ-TR3': {'59': ['52.1', '52.3', '59.2','52.2', '60.1', '60.2', '136.1'], '136': ['52.1', '52.3', '59.2','52.2', '60.1', '60.2', '136.1']},'VJ-TR4': {'59': ['53.1','53.2' ,'53.3', '59.2', '60.1', '60.2', '137.1'], '137': ['53.1','53.2', '53.3', '59.2', '60.1', '60.2', '137.1']},'VJ-TR5': {'59': ['57.1', '57.2', '59.2', '60.1', '60.2', '78.1', '78.2'], '78': ['57.1', '57.2', '59.2', '60.1', '60.2', '78.1', '78.2']}, 'URJ-PPA7-TQR': { '122': ['58.1', '58.2', '59.2', '60.1', '60.2','79.1', '79.2', '122.1', '122.2']} }","{ 'VJ-TR0': {'59': []}, 'VJ-TR1': {'59': [], '134': []}, 'VJ-TR2': {'59': [], '135': []}, 'VJ-TR3': {'59': [], '136': []}, 'VJ-TR4': {'59': [], '137': []}, 'VJ-TR5': {'59': [], '78': []}, 'URJ-PPA7-TQR': { '122': [ '121.1', '121.2']} }","{ 'VJ-TR0': {'59': []}, 'VJ-TR1': {'59': [], '134': []}, 'VJ-TR2': {'59': [], '135': []}, 'VJ-TR3': {'59': [], '136': []}, 'VJ-TR4': {'59': [], '137': []}, 'VJ-TR5': {'59': [], '78': []}, 'URJ-PPA7-TQR': { '122': []} }",[],[],[],0
59.2,,59.1,"['60.1', '60.2']","['VJ-TR0', 'VJ-TR1', 'VJ-TR2', 'VJ-TR3', 'VJ-TR4', 'VJ-TR5', 'URJ-PPA7-TQR']","{ 'VJ-TR0': {'59': ['54.1', '54.2','60.1', '59.1', '60.2', '75.1', '75.2']}, 'VJ-TR1': {'59': ['50.1','50.2', '50.3', '60.1', '59.1', '59.2', '60.2', '134.1']}, 'VJ-TR2': {'59': ['51.1','51.2', '51.3', '60.1', '59.1', '59.2', '60.2', '135.1', '135.2', '135.3']}, 'VJ-TR3': {'59': ['52.1','52.2', '52.3', '60.1', '59.1', '59.2', '60.2', '136.1']}, 'VJ-TR4': {'59': ['53.1','53.2', '53.3', '60.1', '59.1', '59.2', '60.2', '137.1']}, 'VJ-TR5': {'59': ['57.1', '57.2', '59.2', '60.1', '60.2', '78.1', '78.2']}, 'URJ-PPA7-TQR': { '58': ['58.1', '58.2', '59.1', '60.1', '60.2', '79.2', '122.1', '122.2']} }","{ 'VJ-TR0': {'59': []}, 'VJ-TR1': {'59': []}, 'VJ-TR2': {'59': []}, 'VJ-TR3': {'59': []}, 'VJ-TR4': {'59': []}, 'VJ-TR5': {'59': []}, 'URJ-PPA7-TQR': { '58': ['79.1','79.2', '121.1', '121.2']} }","{ 'VJ-TR0': {'59': []}, 'VJ-TR1': {'59': []}, 'VJ-TR2': {'59': []}, 'VJ-TR3': {'59': []}, 'VJ-TR4': {'59': []}, 'VJ-TR5': {'59': []}, 'URJ-PPA7-TQR': { '58': []} }",[],[],[],0
60.1,,60.2,"['59.1', '59.2']","['VJ-TR0', 'VJ-TR1', 'VJ-TR2', 'VJ-TR3', 'VJ-TR4', 'VJ-TR5', 'URJ-PPD7-TQR']","{ 'VJ-TR0': {'60': ['54.1','54.2', '60.2', '75.1', '75.2']}, 'VJ-TR1': {'60': ['50.1', '50.3','50.2', '59.2','59.1','60.1', '60.2', '134.1'], '134': ['50.1', '50.3', '50.2', '60.1', '60.2', '134.1']},'VJ-TR2': {'60': ['51.1', '51.3', '59.2','51.2', '59.1','60.1', '60.2', '135.1', '135.2', '135.3'], '135': ['51.1', '51.3', '51.2', '60.1', '60.2', '135.1', '135.2', '135.3']},'VJ-TR3': {'60': ['52.1', '52.3', '59.2','52.2', '59.1','60.1', '60.2', '136.1'], '136': ['52.1', '52.3','52.2','60.1', '60.2', '136.1']},'VJ-TR4': {'60': ['53.1','53.2' ,'53.3', '59.2', '59.1','60.1', '60.2', '137.1'], '137': ['53.1','53.2', '53.3','60.1', '60.2', '137.1']},'VJ-TR5': {'60': ['57.1', '57.2', '59.2', '59.1','60.1', '60.2', '78.1', '78.2'], '78': ['57.1', '57.2','60.1', '60.2', '78.1', '78.2']}, 'URJ-PPD7-TQR': { '77': ['55.1','55.2','77.1','77.2']}}","{ 'VJ-TR0': {'60': []}, 'VJ-TR1': {'60': [], '134': []}, 'VJ-TR2': {'60': [], '135': []}, 'VJ-TR3': {'60': [], '136': []}, 'VJ-TR4': {'60': [], '137': []}, 'VJ-TR5': {'60': [], '78': []}, 'URJ-PPD7-TQR': { '77': ['56.1','56.2','76.1','76.2']} }","{ 'VJ-TR0': {'60': []}, 'VJ-TR1': {'60': [], '134': ['59.1','59.2']}, 'VJ-TR2': {'60': [], '135': ['59.1','59.2']}, 'VJ-TR3': {'60': [], '136': ['59.1','59.2']}, 'VJ-TR4': {'60': [], '137': ['59.1','59.2']}, 'VJ-TR5': {'60': [], '78': ['59.1','59.2']}, 'URJ-PPD7-TQR': { '77': []} }",[],[],[],0
60.2,60.1,,"['59.1', '59.2']","['VJ-TR0', 'VJ-TR1', 'VJ-TR2', 'VJ-TR3', 'VJ-TR4', 'VJ-TR5', 'URJ-PPD7-TQR']","{ 'VJ-TR0': {'60': ['54.1', '54.2','60.1', '59.1','59.2', '60.1', '60.2', '75.1', '75.2']}, 'VJ-TR1': {'60': ['50.1','50.2', '50.3', '60.1', '60.2', '59.1', '59.2', '134.1']}, 'VJ-TR2': {'60': ['51.1','51.2', '51.3', '60.1', '60.2', '59.1', '59.2', '135.1', '135.2', '135.3']}, 'VJ-TR3': {'60': ['52.1','52.2', '52.3', '60.1', '60.2', '59.1', '59.2', '136.1']}, 'VJ-TR4': {'60': ['53.1','53.2', '53.3', '60.1', '60.2', '59.1', '59.2', '137.1']}, 'VJ-TR5': {'60': ['57.1', '57.2', '59.2', '60.1', '60.2', '59.2', '78.1', '78.2']}, 'URJ-PPD7-TQR': { '55': ['55.1', '55.2','56.1','56.2']}}","{ 'VJ-TR0': {'60': []}, 'VJ-TR1': {'60': []}, 'VJ-TR2': {'60': []}, 'VJ-TR3': {'60': []}, 'VJ-TR4': {'60': []}, 'VJ-TR5': {'60': []}, 'URJ-PPD7-TQR': { '55': ['76.1','76.2']} }","{ 'VJ-TR0': {'60': []}, 'VJ-TR1': {'60': []}, 'VJ-TR2': {'60': []}, 'VJ-TR3': {'60': []}, 'VJ-TR4': {'60': []}, 'VJ-TR5': {'60': []}, 'URJ-PPD7-TQR': { '55': []} }",[],[],[],0
61.1,61.2,,[],[],{},{},{},[],[],[],0
61.2,,61.1,[],[],{},{},{},[],[],[],0
62.1,,62.2,"['61.1','61.2']",['TLJ-TBC-PPA8'],"{'TLJ-TBC-PPA8':{ '7':['62.2', '5.1', '5.2', '4.1', '4.2', '7.1', '7.2', '8.1', '25.1', '25.2', '26.1', '26.2', '61.1', '66.2']}}",{'TLJ-TBC-PPA8':{ '7':['8.2']}},{'TLJ-TBC-PPA8':{ '7':[]}},[],[],[],0
62.2,62.1,,"['61.1','61.2']",['TLJ-TBC-PPA8'],"{'TLJ-TBC-PPA8':{ '7':['62.2', '5.1', '5.2', '4.1', '4.2', '7.1', '7.2', '8.1', '25.1', '25.2', '26.1', '26.2', '61.1', '66.2'], '25':['62.2', '5.1', '5.2', '4.1', '4.2', '7.1', '7.2', '25.1', '25.2', '26.1', '26.2', '61.1', '66.2']}}","{'TLJ-TBC-PPA8':{ '7':['8.2'], '25':['8.2', '8.1']}}","{'TLJ-TBC-PPA8':{ '7':[], '25':[]}}",[],[],[],0
63.1,,,"['62.1', '62.2']",[],{},{},{},[],"['61.1', '8.1', '8.2', '4.1']",['TLJ-TBC-PPA8'],0
64.1,,,"['4.1', '4.2']",[],{},{},{},[],"['5.1', '26.1', '26.2', '8.2']",['TLJ-TBC-PPA8'],0
65.1,65.2,,[],[],{},{},{},[],[],[],0
65.2,,65.1,[],[],{},{},{},[],[],[],0
66.1,,66.2,"['65.1', '65.2']",['TLJ-TCD-PPA8'],"{'TLJ-TCD-PPA8':{'28':['66.2', '26.1', '26.2', '25.1', '25.2', '28.1', '28.2', '29.2', '71.1', '71.2', '70.1', '70.2', '65.1', '65.2'], '71':['66.2', '26.1', '26.2', '25.1', '25.2', '28.1', '28.2', '71.1', '71.2', '70.1', '70.2', '65.1', '65.2']}}","{'TLJ-TCD-PPA8':{'28':['29.1'], '71':['29.1', '29.2']}}","{'TLJ-TCD-PPA8':{'28':[], '71':[]}}",[],[],[],0
66.2,66.1,,"['65.1', '65.2']",['TLJ-TCD-PPA8'],"{'TLJ-TCD-PPA8':{'28':['66.2', '26.1', '26.2', '25.1', '25.2', '28.1', '28.2', '29.2', '71.1', '71.2', '70.1', '70.2', '65.1', '65.2']}}",{'TLJ-TCD-PPA8':{'28':['29.1']}},{'TLJ-TCD-PPA8':{'28':[]}},[],[],[],0
67.1,,,"['25.1', '25.2']",[],{},{},{},[],"['26.1', '70.1', '70.2', '29.1']",['TLJ-TCD-PPA8'],0
68.1,,,"['66.1', '66.2']",[],{},{},{},[],"['65.1', '29.1', '29.2', '25.1']",['TLJ-TCD-PPA8'],0
69.1,,,"['71.1', '71.2']",[],{},{},{},[],"['71.2', '25.1', '25.2', '66.2']",['TLJ-TCD-PPA8'],0
70.1,70.2,,"['25.1', '25.2']",['TLJ-TCD-PPA8'],"{'TLJ-TCD-PPA8':{'26':['70.2', '65.1', '65.2', '26.1', '26.2', '25.2', '28.1', '28.2', '71.1', '71.2', '61.1', '61.2', '29.1', '29.2']}}",{'TLJ-TCD-PPA8':{'26':['25.1']}},{'TLJ-TCD-PPA8':{'26':[]}},[],[],[],0
70.2,,70.1,"['25.1', '25.2']",['TLJ-TCD-PPA8'],"{'TLJ-TCD-PPA8':{'26':['70.2', '65.1', '65.2', '26.1', '26.2', '25.2', '28.1', '28.2', '71.1', '71.2', '61.1', '61.2', '29.1', '29.2'], '28':['61.1', '61.2', '70.2', '65.1', '65.2', '26.1', '26.2', '28.1', '28.2', '71.1', '71.2', '29.1', '29.2']}}","{'TLJ-TCD-PPA8':{'26':['25.1'], '28':['25.1', '25.2']}}","{'TLJ-TCD-PPA8':{'26':[], '28':[]}}",[],[],[],0
71.1,,71.2,"['70.1', '70.2']",[],{},{},{},[],[],[],0
71.2,71.1,,"['70.1', '70.2']",[],{},{},{},[],[],[],0
72.1,,72.2,[],[],{},{},{},[],[],[],1
72.1,72.1,,[],[],{},{},{},[],[],[],1
73.1,73.2,,"['74.1', '74.2']",['URJ-TCD-PPD9'],"{'URJ-TCD-PPD9': {'29': ['73.2', '29.1', '29.2', '28.1', '28.2', '30.1', '30.2', '31.2', '74.1', '74.2', '31.1'], '30': ['73.2', '29.1', '29.2', '30.1', '30.2', '31.2', '74.1', '74.2', '28.1', '28.2', '31.1']}}","{'URJ-TCD-PPD9': {'29': [], '30': []}}","{'URJ-TCD-PPD9': {'29': [], '30': []}}",[],[],[],0
73.2,,73.1,"['74.1', '74.2']",['URJ-TCD-PPD9'],"{'URJ-TCD-PPD9': {'30': ['73.1', '29.1', '29.2', '30.1', '30.2', '31.2', '74.1', '74.2']}}","{'URJ-TCD-PPD9': {'30': ['28.1', '28.2', '31.1']}}",{'URJ-TCD-PPD9': {'30': []}},[],[],[],0
74.1,,74.2,"['73.2', '73.1']",[],{},{},{},[],[],[],0
74.2,74.1,,"['73.2', '73.1']",[],{},{},{},[],[],[],0
75.1,,75.2,[],[],{},{},{},[],[],[],1
75.2,75.1,,[],[],{},{},{},[],[],[],1
76.1,,76.2,"['77.1', '77.2']",['URJ-PPD7-TQR'],"{'URJ-PPD7-TQR':{'55':['55.2', '56.1', '56.2', '60.2', '59.1', '59.2']}}","{'URJ-PPD7-TQR':{'55':['56.1', '60.1']}}",{'URJ-PPD7-TQR':{'55':[]}},[],[],[],0
76.2,76.1,,"['77.1', '77.2']",['URJ-PPD7-TQR'],"{'URJ-PPD7-TQR':{'59':['59.2', '60.1', '60.2', '55.1', '55.2', '56.1'], '55':['59.1', '59.2', '56.1', '55.1']}}","{'URJ-PPD7-TQR':{'59':['56.2'], '55':['60.1', '60.2', '56.2']}}","{'URJ-PPD7-TQR':{'59':[], '55':[]}}",[],[],[],0
77.1,,77.2,"['76.1', '76.2']",[],{},{},{},[],[],[],0
77.2,77.1,,"['76.1', '76.2']",[],{},{},{},[],[],[],0
78.1,78.2,,[],[],{},{},{},[],[],[],0
78.2,,78.1,[],[],{},{},{},[],[],[],0
79.1,,79.2,[],[],{},{},{},[],[],[],0
79.2,79.1,,[],[],{},{},{},[],[],[],0
80.1,80.2,,['80.3'],[],{},{},{},[],[],[],0
80.2,80.3,80.1,[],[],{},{},{},[],[],[],0
80.3,,80.2,['80.1'],[],{},{},{},[],[],[],0
81.1,,81.2,['81.3'],[],{},{},{},[],[],[],0
81.2,81.1,81.3,[],[],{},{},{},[],[],[],0
81.3,81.2,,['81.1'],[],{},{},{},[],[],[],0
82.1,,,[],[],{},{},{},[],[],[],0
82.2,,,[],[],{},{},{},[],[],[],0
83.1,83.2,,[],[],{},{},{},[],[],[],1
83.2,,83.1,[],[],{},{},{},[],[],[],1
84.1,,,[],[],{},{},{},[],[],[],0
84.2,,,[],[],{},{},{},[],[],[],0
84.3,,,[],[],{},{},{},[],[],[],0
85.1,,,[],[],{},{},{},[],[],[],0
85.2,,,[],[],{},{},{},[],[],[],0
85.3,,,[],[],{},{},{},[],[],[],0
86.1,86.2,,['87.1'],[],{},{},{},[],[],[],1
86.2,,86.1,['87.1'],[],{},{},{},[],[],[],1
87.1,,,[],[],{},{},{},[],[],[],1
88.1,88.2,,"['89.1', '89.2']",[],{},{},{},[],[],[],0
88.2,,88.1,"['89.1', '89.2']",[],{},{},{},[],[],[],0
89.1,89.2,,[],[],{},{},{},[],[],[],0
89.2,,89.1,[],[],{},{},{},[],[],[],0
90.1,,,[],[],{},{},{},[],"['81.2', '81.3', '40.2', '34.3']",['TLJ-PPA7-PPA8'],0
91.1,91.2,,"['92.1', '92.2']",[],{},{},{},[],[],[],0
91.2,,91.1,"['92.1', '92.2']",[],{},{},{},[],[],[],0
92.1,,92.2,"['91.1', '91.2']",[],{},{},{},[],[],[],0
92.2,92.1,,"['91.1', '91.2']",[],{},{},{},[],[],[],0
93.1,93.2,,"['93.3', '93.4', '93.5']",[],{},{},{},['PC-PB'],[],[],2
93.2,93.3,93.1,"['93.4', '93.5']",[],{},{},{},['PC-PB'],[],[],2
93.3,93.4,93.2,"['93.1', '93.5']",[],{},{},{},['PC-PB'],[],[],2
93.4,93.5,93.3,"['93.1', '93.2']",[],{},{},{},['PC-PB'],[],[],2
93.5,,93.4,"['93.1', '93.2', '93.3']",[],{},{},{},['PC-PB'],[],[],2
94.1,,95.1,[],[],{},{},{},[],[],[],2
95.1,94.1,96.1,[],[],{},{},{},[],[],[],2
96.1,95.1,97.1,[],[],{},{},{},[],[],[],2
97.1,96.1,98.1,[],[],{},{},{},[],[],[],2
98.1,97.1,99.1,[],[],{},{},{},[],[],[],2
99.1,98.1,100.1,[],[],{},{},{},[],[],[],2
100.1,99.1,101.1,[],[],{},{},{},[],[],[],2
101.1,100.1,102.1,[],[],{},{},{},[],[],[],2
102.1,101.1,103.1,[],[],{},{},{},[],[],[],2
103.1,102.1,104.1,[],[],{},{},{},[],[],[],2
104.1,103.1,105.1,[],[],{},{},{},[],[],[],2
105.1,104.1,106.1,[],[],{},{},{},[],[],[],2
106.1,105.1,107.1,[],[],{},{},{},[],[],[],2
107.1,106.1,108.1,[],[],{},{},{},[],[],[],2
108.1,107.1,109.1,[],[],{},{},{},[],[],[],2
109.1,108.1,110.1,[],[],{},{},{},[],[],[],2
110.1,109.1,111.1,[],[],{},{},{},[],[],[],2
111.1,110.1,112.1,[],[],{},{},{},[],[],[],2
112.1,111.1,113.1,[],[],{},{},{},[],[],[],2
113.1,112.1,114.1,[],[],{},{},{},[],[],[],2
114.1,113.1,115.1,[],[],{},{},{},[],[],[],2
115.1,114.1,,[],[],{},{},{},[],[],[],2
116.1,,,['116.2'],[],{},{},{},[],[],[],2
116.2,,,['116.1'],[],{},{},{},[],[],[],2
117.1,117.2,,[],"['URJ-RFS-MBA', 'URJ-TAB-MBA']","{'URJ-RFS-MBA': {'117': ['117.2']}, 'URJ-TAB-MBA': {'1': ['117.2', '2.1', '2.2', '13.1', '13.2', '13.3']}}","{'URJ-RFS-MBA': {'117': ['118.1']}, 'URJ-TAB-MBA': {'1': []}}","{'URJ-RFS-MBA': {'117': []}, 'URJ-TAB-MBA': {'1': ['1.1', '1.2']}}",[],[],[],2
117.2,,117.1,[],"['URJ-RFS-MBA', 'URJ-TAB-MBA']","{'URJ-RFS-MBA': {'117': ['117.1']}, 'URJ-TAB-MBA': {'2': ['117.1', '13.1', '13.2', '13.3']}}","{'URJ-RFS-MBA': {'117': ['118.1']}, 'URJ-TAB-MBA': {'2': []}}","{'URJ-RFS-MBA': {'117': []}, 'URJ-TAB-MBA': {'2': ['1.1', '1.2', '2.1', '2.2']}}",[],[],[],2
118.1,,118.2,[],[],{},{},{},[],[],[],0
118.2,118.1,,[],[],{},{},{},[],[],[],0
119.1,,,['119.2'],[],{},{},{},[],[],[],2
119.2,,,['119.1'],[],{},{},{},[],[],[],2
120.1,120.2,,"['40.1','40.2','45.1','45.2']","['URJ-PPA7-TPQ', 'VJ-PPA7-BL0']","{'URJ-PPA7-TPQ':{'121':['46.1','46.2', '58.2','120.2', '121.1', '121.2', '58.1', '40.1', '40.2', '47.1', '47.2', '153.1'], '47':['120.2', '121.1', '121.2', '58.1','58.2', '40.1', '40.2', '47.1', '47.2', '46.1', '46.2', '153.1']}, 'VJ-PPA7-BL0': {'120': ['40.1', '40.2', '120.1', '120.2', '150.1']}}","{'URJ-PPA7-TPQ':{'121':[], '47':[]}, 'VJ-PPA7-BL0': {'120': []}}","{'URJ-PPA7-TPQ':{'121':[], '47':[]}, 'VJ-PPA7-BL0': {'120': []}}",[],[],[],0
120.2,,120.1,"['40.1','40.2','45.1','45.2']",['URJ-PPA7-TPQ'],"{'URJ-PPA7-TPQ':{'121':['46.1', '46.2', '58.2','120.1', '121.1', '121.2', '58.1', '40.1', '40.2', '47.1', '47.2', '153.1']}, 'VJ-PPA7-BL0': {'120': ['40.1', '40.2', '120.1', '120.2', '150.1']}}","{'URJ-PPA7-TPQ':{'121':[]}, 'VJ-PPA7-BL0': {'120': []}}","{'URJ-PPA7-TPQ':{'121':[]}, 'VJ-PPA7-BL0': {'120': []}}",[],[],[],0
121.1,121.2,,"['58.1', '58.2','57.1','57.2']","['URJ-PPA7-TQR', 'VJ-PPA7-PL0']","{'URJ-PPA7-TQR':{'122':['121.2', '122.1', '122.2', '79.2', '58.1', '58.2', '60.2', '60.1'], '60':['121.2', '122.1', '122.2', '79.2', '58.1', '58.2', '60.1', '60.2', '59.1', '59.2', '79.1','79.1', '59.1', '59.2']}, 'VJ-PPA7-PL0': {'121': ['58.1', '58.2', '121.1', '121.2']}}","{'URJ-PPA7-TQR':{'122':[], '60':[]}, 'VJ-PPA7-PL0': {'121': []}}","{'URJ-PPA7-TQR':{'122':[], '60':[]}, 'VJ-PPA7-PL0': {'121': []}}",[],[],[],0
121.2,,121.1,"['58.1', '58.2','57.1','57.2']","['URJ-PPA7-TQR', 'VJ-PPA7-PL0']","{'URJ-PPA7-TQR':{'122':['121.1', '122.1', '122.2', '79.2', '58.1', '58.2', '60.1', '60.2']}, 'VJ-PPA7-PL0': {'121': ['58.1', '58.2', '121.1', '121.2']}}","{'URJ-PPA7-TQR':{'122':[]}, 'VJ-PPA7-PL0': {'121': []}}","{'URJ-PPA7-TQR':{'122':[]}, 'VJ-PPA7-PL0': {'121': []}}",[],[],[],0
122.1,122.2,,[],[],{},{},{},[],[],[],0
122.2,,122.1,[],[],{},{},{},[],[],[],0
123.1,,,"['2.1', '2.2']",[],{},{},{},[],[],[],0
124.1,125.1,,"['126.1', '127.1', '128.1', '129.1', '130.1', '131.1', '132.1']",['VJ-PB-MBA'],"{'VJ-PB-MBA': {'117': ['125.1', '126.1', '127.1', '128.1', '129.1', '130.1', '131.1', '132.1']}}",{'VJ-PB-MBA': {'117': []}},"{'VJ-PB-MBA': {'117': ['117.1', '117.2']}}",[],[],[],2
125.1,126.1,124.1,"['127.1', '128.1', '129.1', '130.1', '131.1', '132.1']",['VJ-PB-MBA'],"{'VJ-PB-MBA': {'117': ['124.1', '126.1', '127.1', '128.1', '129.1', '130.1', '131.1', '132.1']}}",{'VJ-PB-MBA': {'117': []}},"{'VJ-PB-MBA': {'117': ['117.1', '117.2']}}",[],[],[],2
126.1,127.1,125.1,"['124.1', '128.1', '129.1', '130.1', '131.1', '132.1']",['VJ-PB-MBA'],"{'VJ-PB-MBA': {'117': ['124.1', '125.1', '127.1', '128.1', '129.1', '130.1', '131.1', '132.1']}}",{'VJ-PB-MBA': {'117': []}},"{'VJ-PB-MBA': {'117': ['117.1', '117.2']}}",[],[],[],2
127.1,128.1,126.1,"['124.1', '125.1', '129.1', '130.1', '131.1', '132.1']",['VJ-PB-MBA'],"{'VJ-PB-MBA': {'117': ['124.1', '125.1', '126.1', '128.1', '129.1', '130.1', '131.1', '132.1']}}",{'VJ-PB-MBA': {'117': []}},"{'VJ-PB-MBA': {'117': ['117.1', '117.2']}}",[],[],[],2
128.1,129.1,127.1,"['124.1', '125.1', '126.1', '130.1', '131.1', '132.1']",['VJ-PB-MBA'],"{'VJ-PB-MBA': {'117': ['124.1', '125.1', '126.1', '127.1', '129.1', '130.1', '131.1', '132.1']}}",{'VJ-PB-MBA': {'117': []}},"{'VJ-PB-MBA': {'117': ['117.1', '117.2']}}",[],[],[],2
129.1,130.1,128.1,"['124.1', '125.1', '126.1', '127.1', '131.1', '132.1']",['VJ-PB-MBA'],"{'VJ-PB-MBA': {'117': ['124.1', '125.1', '126.1', '127.1', '128.1', '130.1', '131.1', '132.1']}}",{'VJ-PB-MBA': {'117': []}},"{'VJ-PB-MBA': {'117': ['117.1', '117.2']}}",[],[],[],2
130.1,131.1,129.1,"['124.1', '125.1', '126.1', '127.1', '128.1', '132.1']",['VJ-PB-MBA'],"{'VJ-PB-MBA': {'117': ['124.1', '125.1', '126.1', '127.1', '128.1', '129.1', '131.1', '132.1']}}",{'VJ-PB-MBA': {'117': []}},"{'VJ-PB-MBA': {'117': ['117.1', '117.2']}}",[],[],[],2
131.1,132.1,130.1,"['124.1', '125.1', '126.1', '127.1', '128.1', '129.1']",['VJ-PB-MBA'],"{'VJ-PB-MBA': {'117': ['124.1', '125.1', '126.1', '127.1', '128.1', '129.1', '130.1', '132.1']}}",{'VJ-PB-MBA': {'117': []}},"{'VJ-PB-MBA': {'117': ['117.1', '117.2']}}",[],[],[],2
132.1,,131.1,"['124.1', '125.1', '126.1', '127.1', '128.1', '129.1', '130.1']",['VJ-PB-MBA'],"{'VJ-PB-MBA': {'117': ['124.1', '125.1', '126.1', '127.1', '128.1', '129.1', '130.1', '131.1']}}",{'VJ-PB-MBA': {'117': []}},"{'VJ-PB-MBA': {'117': ['117.1', '117.2']}}",[],[],[],2
133.1,4.2,133.2,"['4.1', '4.2', '5.1', '5.2']",[],{},{},{},[],[],[],1
133.2,133.1,,"['4.1', '4.2', '5.1', '5.2']",[],{},{},{},[],[],[],1
134.1,,,[],[],{},{},{},[],[],[],2
135.1,,,[],[],{},{},{},[],[],[],2
135.2,,,[],[],{},{},{},[],[],[],2
135.3,,,[],[],{},{},{},[],[],[],2
135.4,,,[],[],{},{},{},[],[],[],2
136.1,,,[],[],{},{},{},[],[],[],2
137.1,,,[],['URJ-RFS-MBA'],{'URJ-RFS-MBA': {'117': []}},{'URJ-RFS-MBA': {'117': []}},"{'URJ-RFS-MBA': {'117': ['117.1', '117.2']}}",[],[],[],2
138.1,138.2,,"['139.1', '139.2']",[],{},{},{},[],[],[],0
138.2,,138.1,"['139.1', '139.2']",[],{},{},{},[],[],[],0
139.1,139.2,,"['138.1', '138.2']",[],{},{},{},[],[],[],0
139.2,,139.1,"['138.1', '138.2']",[],{},{},{},[],[],[],0
140.1,140.2,,[],[],{},{},{},[],[],[],1
140.2,,140.1,[],[],{},{},{},[],[],[],1
141.1,,,[],[],{},{},{},[],[],[],0
142.1,142.2,,['142.3'],['VJ-TN2'],"{'VJ-TN2': {'56': ['55.3', '55.2', '142.2', '142.3']}}",{'VJ-TN2': {'56': ['43.1']}},"{'VJ-TN2': {'56': ['56.1', '56.2']}}",[],[],[],1
142.2,142.3,142.1,[],['VJ-TN2'],"{'VJ-TN2': {'56': ['55.3', '55.2', '142.2', '142.3'], '55': ['142.1', '142.3']}}","{'VJ-TN2': {'56': ['43.1'], '55': ['43.1', '43.2']}}","{'VJ-TN2': {'56': ['56.1', '56.2'], '55': ['56.1', '56.2', '55.3', '55.2']}}",[],[],[],1
142.3,,142.2,['142.1'],['VJ-TN2'],"{'VJ-TN2': {'55': ['142.1', '142.3']}}","{'VJ-TN2': {'55': ['43.1', '43.2']}}","{'VJ-TN2': {'55': ['56.1', '56.2', '55.3', '55.2']}}",[],[],[],1
143.1,143.2,,['143.3'],['VJ-TN3'],"{'VJ-TN3': {'43': ['143.2', '143.3', '44.1', '44.2']}}",{'VJ-TN3': {'43': []}},"{'VJ-TN3': {'43': ['43.1', '43.2']}}",[],[],[],1
143.2,143.3,143.1,[],['VJ-TN3'],"{'VJ-TN3': {'43': ['143.2', '143.3', '44.1', '44.2'], '44': ['143.2', '143.3']}}","{'VJ-TN3': {'43': [], '44': ['55.3']}}","{'VJ-TN3': {'43': ['43.1', '43.2'], '44': ['43.1', '43.2', '44.1', '44.2']}}",[],[],[],1
143.3,,143.2,['143.1'],['VJ-TN3'],"{'VJ-TN3': {'44': ['143.2', '143.3']}}",{'VJ-TN3': {'44': ['55.3']}},"{'VJ-TN3': {'44': ['43.1', '43.2', '44.1', '44.2']}}",[],[],[],1
144.1,144.2,,['144.3'],['VJ-TN4'],"{'VJ-TN4': {'43': ['144.2', '144.3', '44.1', '44.2']}}",{'VJ-TN4': {'43': []}},"{'VJ-TN4': {'43': ['43.1', '43.2']}}",[],[],[],1
144.2,144.3,144.1,[],['VJ-TN4'],"{'VJ-TN4': {'43': ['144.2', '144.3', '44.1', '44.2'], '44': ['144.2', '144.3']}}","{'VJ-TN4': {'43': [], '44': ['55.3']}}","{'VJ-TN4': {'43': ['43.1', '43.2'], '44': ['43.1', '43.2', '44.1', '44.2']}}",[],[],[],1
144.3,,144.2,['144.1'],['VJ-TN4'],"{'VJ-TN4': {'44': ['144.2', '144.3']}}",{'VJ-TN4': {'44': ['55.1']}},"{'VJ-TN4': {'44': ['43.1', '43.2', '44.1', '44.2']}}",[],[],[],1
145.1,145.2,,['145.3'],['VJ-TN5'],"{'VJ-TN5': {'43': ['145.2', '145.3', '44.1', '44.2']}}",{'VJ-TN5': {'43': []}},"{'VJ-TN5': {'43': ['43.1', '43.2']}}",[],[],[],1
145.2,145.3,145.1,[],['VJ-TN5'],"{'VJ-TN5': {'43': ['145.2', '145.3', '44.1', '44.2'], '44': ['145.2', '145.3']}}","{'VJ-TN5': {'43': [], '44': ['55.1']}}","{'VJ-TN5': {'43': ['43.1', '43.2'], '44': ['43.1', '43.2', '44.1', '44.2']}}",[],[],[],1
145.3,,145.2,['145.1'],['VJ-TN5'],"{'VJ-TN5': {'44': ['145.2', '145.3']}}",{'VJ-TN5': {'44': ['55.1']}},"{'VJ-TN5': {'44': ['43.1', '43.2', '44.1', '44.2']}}",[],[],[],1
146.1,146.2,,['146.3'],['VJ-TN6'],"{'VJ-TN6': {'43': ['146.2', '146.3', '44.1', '44.2']}}",{'VJ-TN6': {'43': []}},"{'VJ-TN6': {'43': ['43.1', '43.2']}}",[],[],[],1
146.2,146.3,146.1,[],['VJ-TN6'],"{'VJ-TN6': {'43': ['146.2', '146.3', '44.1', '44.2'], '44': ['146.2', '146.3']}}","{'VJ-TN6': {'43': [], '44': ['55.1']}}","{'VJ-TN6': {'43': ['43.1', '43.2'], '44': ['43.1', '43.2', '44.1', '44.2']}}",[],[],[],1
146.3,,146.2,['146.1'],['VJ-TN6'],"{'VJ-TN6': {'44': ['146.2', '146.3']}}",{'VJ-TN6': {'44': ['55.1']}},"{'VJ-TN6': {'44': ['43.1', '43.2', '44.1', '44.2']}}",[],[],[],1
147.1,,,[],['VJ-TN7'],{'VJ-TN7': {}},{'VJ-TN7': {}},{'VJ-TN7': {}},[],[],[],1
148.1,148.2,,['148.3'],['VJ-TN8'],"{'VJ-TN8': {'43': ['148.2', '148.3', '44.1', '44.2']}}",{'VJ-TN8': {'43': []}},"{'VJ-TN8': {'43': ['43.1', '43.2']}}",[],[],[],1
148.2,148.3,148.1,[],['VJ-TN8'],"{'VJ-TN8': {'43': ['148.2', '148.3', '44.1', '44.2'], '44': ['148.2', '148.3']}}","{'VJ-TN8': {'43': [], '44': ['55.1']}}","{'VJ-TN8': {'43': ['43.1', '43.2'], '44': ['43.1', '43.2', '44.1', '44.2']}}",[],[],[],1
148.3,,148.2,['148.1'],['VJ-TN8'],"{'VJ-TN8': {'44': ['148.2', '148.3']}}",{'VJ-TN8': {'44': ['55.1']}},"{'VJ-TN8': {'44': ['43.1', '43.2', '44.1', '44.2']}}",[],[],[],1
149.1,,,"['10.1', '10.2']",[],{},{},{},[],"['1.2', '150.1']",['URJ-TAB-PPD9'],0
149.2,,,['123.1'],['URJ-TAB-PPD9'],"{'URJ-TAB-PPD9': {'2': ['123.1', '10.1', '10.2', '2.1', '2.2', '9.1', '9.2', '150.1', '1.1', '1.2', '17.1', '17.2']}}",{'URJ-TAB-PPD9': {'2': []}},{'URJ-TAB-PPD9': {'2': []}},[],[],[],0
150.1,,,[],['URJ-TAB-PPD9'],{'URJ-TAB-PPD9': []},{'URJ-TAB-PPD9': []},{'URJ-TAB-PPD9': []},[],[],[],2
151.1,,,"['40.1', '40.2']",['VJ-PPA7-BL0'],"{'VJ-PPA7-BL0': {'40': ['120.1', '120.2', '40.2'], '120': ['121']}}","{'VJ-PPA7-BL0': {'40': [], '120': []}}","{'VJ-PPA7-BL0': {'40': ['40.1'], '120': ['40.1', '40.2', '120.1', '120.2']}}",[],[],[],2
152.1,,,[],['VJ-PPA7-PL0'],"{'VJ-PPA7-PL0': {'58': ['121.1', '121.2'], '121': ['121.1']}}","{'VJ-PPA7-PL0': {'58': [], '121': []}}","{'VJ-PPA7-PL0': {'58': ['58.1', '58.2'], '121': ['121.1', '121.2', '58.1', '58.2']}}",[],[],[],2
153.1,,,[],['URJ-PPA7-TPQ'],"{'URJ-PPA7-TPQ': {'40': ['40.1', '40.2', '120.1', '120.2', '121.1', '121.2', '47.1', '47.2', '46.1'], '47': ['40.1', '40.2', '121.1', '121.2', '47.1', '47.2', '46.1'], '121': ['40.1', '40.2', '120.1', '120.2', '121.1', '121.2', '47.1', '47.2', '46.1']}}","{'URJ-PPA7-TPQ': {'40': ['58.1', '58.2', '46.2'], '47': ['58.1', '58.2', '46.2', '120.1', '120.2'], '121': ['58.1', '58.2', '46.2', '120.1', '120.2']}}","{'URJ-PPA7-TPQ': {'40': [], '47': [], '121': []}}",[],[],[],2
